PERU%00,AMAZONAS%01,CHACHAPOYAS%0101,CHACHAPOYAS%010101
PERU%00,AMAZONAS%01,CHACHAPOYAS%0101,ASUNCION%010102
PERU%00,AMAZONAS%01,CHACHAPOYAS%0101,BALSAS%010103
PERU%00,AMAZONAS%01,CHACHAPOYAS%0101,CHETO%010104
PERU%00,AMAZONAS%01,CHACHAPOYAS%0101,CHILIQUIN%010105
PERU%00,AMAZONAS%01,CHACHAPOYAS%0101,CHUQUIBAMBA%010106
PERU%00,AMAZONAS%01,CHACHAPOYAS%0101,GRANADA%010107
PERU%00,AMAZONAS%01,CHACHAPOYAS%0101,HUANCAS%010108
PERU%00,AMAZONAS%01,CHACHAPOYAS%0101,LA JALCA%010109
PERU%00,AMAZONAS%01,CHACHAPOYAS%0101,LEIMEBAMBA%010110
PERU%00,AMAZONAS%01,CHACHAPOYAS%0101,LEVANTO%010111
PERU%00,AMAZONAS%01,CHACHAPOYAS%0101,MAGDALENA%010112
PERU%00,AMAZONAS%01,CHACHAPOYAS%0101,MARISCAL CASTILLA%010113
PERU%00,AMAZONAS%01,CHACHAPOYAS%0101,MOLINOPAMPA%010114
PERU%00,AMAZONAS%01,CHACHAPOYAS%0101,MONTEVIDEO%010115
PERU%00,AMAZONAS%01,CHACHAPOYAS%0101,OLLEROS%010116
PERU%00,AMAZONAS%01,CHACHAPOYAS%0101,QUINJALCA%010117
PERU%00,AMAZONAS%01,CHACHAPOYAS%0101,SAN FRANCISCO DE DAGUAS%010118
PERU%00,AMAZONAS%01,CHACHAPOYAS%0101,SAN ISIDRO DE MAINO%010119
PERU%00,AMAZONAS%01,CHACHAPOYAS%0101,SOLOCO%010120
PERU%00,AMAZONAS%01,CHACHAPOYAS%0101,SONCHE%010121
PERU%00,AMAZONAS%01,BAGUA%0102,LA PECA%010206
PERU%00,AMAZONAS%01,BAGUA%0102,ARAMANGO%010202
PERU%00,AMAZONAS%01,BAGUA%0102,COPALLIN%010203
PERU%00,AMAZONAS%01,BAGUA%0102,EL PARCO%010204
PERU%00,AMAZONAS%01,BAGUA%0102,BAGUA%010201
PERU%00,AMAZONAS%01,BAGUA%0102,IMAZA%010205
PERU%00,AMAZONAS%01,BONGARA%0103,JUMBILLA%010301
PERU%00,AMAZONAS%01,BONGARA%0103,COROSHA%010304
PERU%00,AMAZONAS%01,BONGARA%0103,CUISPES%010305
PERU%00,AMAZONAS%01,BONGARA%0103,CHISQUILLA%010302
PERU%00,AMAZONAS%01,BONGARA%0103,CHURUJA%010303
PERU%00,AMAZONAS%01,BONGARA%0103,FLORIDA%010306
PERU%00,AMAZONAS%01,BONGARA%0103,RECTA%010308
PERU%00,AMAZONAS%01,BONGARA%0103,SAN CARLOS%010309
PERU%00,AMAZONAS%01,BONGARA%0103,SHIPASBAMBA%010310
PERU%00,AMAZONAS%01,BONGARA%0103,VALERA%010311
PERU%00,AMAZONAS%01,BONGARA%0103,YAMBRASBAMBA%010312
PERU%00,AMAZONAS%01,BONGARA%0103,JAZAN%010307
PERU%00,AMAZONAS%01,LUYA%0105,LAMUD%010501
PERU%00,AMAZONAS%01,LUYA%0105,CAMPORREDONDO%010502
PERU%00,AMAZONAS%01,LUYA%0105,COCABAMBA%010503
PERU%00,AMAZONAS%01,LUYA%0105,COLCAMAR%010504
PERU%00,AMAZONAS%01,LUYA%0105,CONILA%010505
PERU%00,AMAZONAS%01,LUYA%0105,INGUILPATA%010506
PERU%00,AMAZONAS%01,LUYA%0105,LONGUITA%010507
PERU%00,AMAZONAS%01,LUYA%0105,LONYA CHICO%010508
PERU%00,AMAZONAS%01,LUYA%0105,LUYA%010509
PERU%00,AMAZONAS%01,LUYA%0105,LUYA VIEJO%010510
PERU%00,AMAZONAS%01,LUYA%0105,MARIA%010511
PERU%00,AMAZONAS%01,LUYA%0105,OCALLI%010512
PERU%00,AMAZONAS%01,LUYA%0105,OCUMAL%010513
PERU%00,AMAZONAS%01,LUYA%0105,PISUQUIA%010514
PERU%00,AMAZONAS%01,LUYA%0105,SAN CRISTOBAL%010516
PERU%00,AMAZONAS%01,LUYA%0105,SAN FRANCISCO DEL YESO%010517
PERU%00,AMAZONAS%01,LUYA%0105,SAN JERONIMO%010518
PERU%00,AMAZONAS%01,LUYA%0105,SAN JUAN DE LOPECANCHA%010519
PERU%00,AMAZONAS%01,LUYA%0105,SANTA CATALINA%010520
PERU%00,AMAZONAS%01,LUYA%0105,SANTO TOMAS%010521
PERU%00,AMAZONAS%01,LUYA%0105,TINGO%010522
PERU%00,AMAZONAS%01,LUYA%0105,TRITA%010523
PERU%00,AMAZONAS%01,LUYA%0105,PROVIDENCIA%010515
PERU%00,AMAZONAS%01,RODRIGUEZ DE MENDOZA%0106,SAN NICOLAS%010601
PERU%00,AMAZONAS%01,RODRIGUEZ DE MENDOZA%0106,COCHAMAL%010603
PERU%00,AMAZONAS%01,RODRIGUEZ DE MENDOZA%0106,CHIRIMOTO%010602
PERU%00,AMAZONAS%01,RODRIGUEZ DE MENDOZA%0106,HUAMBO%010604
PERU%00,AMAZONAS%01,RODRIGUEZ DE MENDOZA%0106,LIMABAMBA%010605
PERU%00,AMAZONAS%01,RODRIGUEZ DE MENDOZA%0106,LONGAR%010606
PERU%00,AMAZONAS%01,RODRIGUEZ DE MENDOZA%0106,MILPUC%010608
PERU%00,AMAZONAS%01,RODRIGUEZ DE MENDOZA%0106,MARISCAL BENAVIDES%010607
PERU%00,AMAZONAS%01,RODRIGUEZ DE MENDOZA%0106,OMIA%010609
PERU%00,AMAZONAS%01,RODRIGUEZ DE MENDOZA%0106,SANTA ROSA%010610
PERU%00,AMAZONAS%01,RODRIGUEZ DE MENDOZA%0106,TOTORA%010611
PERU%00,AMAZONAS%01,RODRIGUEZ DE MENDOZA%0106,VISTA ALEGRE%010612
PERU%00,AMAZONAS%01,CONDORCANQUI%0104,NIEVA%010401
PERU%00,AMAZONAS%01,CONDORCANQUI%0104,RIO SANTIAGO%010403
PERU%00,AMAZONAS%01,CONDORCANQUI%0104,EL CENEPA%010402
PERU%00,AMAZONAS%01,UTCUBAMBA%0107,BAGUA GRANDE%010701
PERU%00,AMAZONAS%01,UTCUBAMBA%0107,CAJARURO%010702
PERU%00,AMAZONAS%01,UTCUBAMBA%0107,CUMBA%010703
PERU%00,AMAZONAS%01,UTCUBAMBA%0107,EL MILAGRO%010704
PERU%00,AMAZONAS%01,UTCUBAMBA%0107,JAMALCA%010705
PERU%00,AMAZONAS%01,UTCUBAMBA%0107,LONYA GRANDE%010706
PERU%00,AMAZONAS%01,UTCUBAMBA%0107,YAMON%010707
PERU%00,ANCASH%02,HUARAZ%0201,HUARAZ%020101
PERU%00,ANCASH%02,HUARAZ%0201,INDEPENDENCIA%020105
PERU%00,ANCASH%02,HUARAZ%0201,COCHABAMBA%020102
PERU%00,ANCASH%02,HUARAZ%0201,COLCABAMBA%020103
PERU%00,ANCASH%02,HUARAZ%0201,HUANCHAY%020104
PERU%00,ANCASH%02,HUARAZ%0201,JANGAS%020106
PERU%00,ANCASH%02,HUARAZ%0201,LA LIBERTAD%020107
PERU%00,ANCASH%02,HUARAZ%0201,OLLEROS%020108
PERU%00,ANCASH%02,HUARAZ%0201,PAMPAS%020109
PERU%00,ANCASH%02,HUARAZ%0201,PARIACOTO%020110
PERU%00,ANCASH%02,HUARAZ%0201,PIRA%020111
PERU%00,ANCASH%02,HUARAZ%0201,TARICA%020112
PERU%00,ANCASH%02,AIJA%0202,AIJA%020201
PERU%00,ANCASH%02,AIJA%0202,CORIS%020202
PERU%00,ANCASH%02,AIJA%0202,HUACLLAN%020203
PERU%00,ANCASH%02,AIJA%0202,LA MERCED%020204
PERU%00,ANCASH%02,AIJA%0202,SUCCHA%020205
PERU%00,ANCASH%02,BOLOGNESI%0205,CHIQUIAN%020501
PERU%00,ANCASH%02,BOLOGNESI%0205,ABELARDO PARDO LEZAMETA%020502
PERU%00,ANCASH%02,BOLOGNESI%0205,AQUIA%020504
PERU%00,ANCASH%02,BOLOGNESI%0205,CAJACAY%020505
PERU%00,ANCASH%02,BOLOGNESI%0205,HUAYLLACAYAN%020510
PERU%00,ANCASH%02,BOLOGNESI%0205,HUASTA%020509
PERU%00,ANCASH%02,BOLOGNESI%0205,MANGAS%020512
PERU%00,ANCASH%02,BOLOGNESI%0205,PACLLON%020513
PERU%00,ANCASH%02,BOLOGNESI%0205,SAN MIGUEL DE CORPANQUI%020514
PERU%00,ANCASH%02,BOLOGNESI%0205,TICLLOS%020515
PERU%00,ANCASH%02,BOLOGNESI%0205,ANTONIO RAYMONDI%020503
PERU%00,ANCASH%02,BOLOGNESI%0205,CANIS%020506
PERU%00,ANCASH%02,BOLOGNESI%0205,COLQUIOC%020507
PERU%00,ANCASH%02,BOLOGNESI%0205,LA PRIMAVERA%020511
PERU%00,ANCASH%02,BOLOGNESI%0205,HUALLANCA%020508
PERU%00,ANCASH%02,CARHUAZ%0206,CARHUAZ%020601
PERU%00,ANCASH%02,CARHUAZ%0206,ACOPAMPA%020602
PERU%00,ANCASH%02,CARHUAZ%0206,AMASHCA%020603
PERU%00,ANCASH%02,CARHUAZ%0206,ANTA%020604
PERU%00,ANCASH%02,CARHUAZ%0206,ATAQUERO%020605
PERU%00,ANCASH%02,CARHUAZ%0206,MARCARA%020606
PERU%00,ANCASH%02,CARHUAZ%0206,PARIAHUANCA%020607
PERU%00,ANCASH%02,CARHUAZ%0206,SAN MIGUEL DE ACO%020608
PERU%00,ANCASH%02,CARHUAZ%0206,SHILLA%020609
PERU%00,ANCASH%02,CARHUAZ%0206,TINCO%020610
PERU%00,ANCASH%02,CARHUAZ%0206,YUNGAR%020611
PERU%00,ANCASH%02,CASMA%0208,CASMA%020801
PERU%00,ANCASH%02,CASMA%0208,BUENA VISTA ALTA%020802
PERU%00,ANCASH%02,CASMA%0208,COMANDANTE NOEL%020803
PERU%00,ANCASH%02,CASMA%0208,YAUTAN%020804
PERU%00,ANCASH%02,CORONGO%0209,CORONGO%020901
PERU%00,ANCASH%02,CORONGO%0209,ACO%020902
PERU%00,ANCASH%02,CORONGO%0209,BAMBAS%020903
PERU%00,ANCASH%02,CORONGO%0209,CUSCA%020904
PERU%00,ANCASH%02,CORONGO%0209,LA PAMPA%020905
PERU%00,ANCASH%02,CORONGO%0209,YANAC%020906
PERU%00,ANCASH%02,CORONGO%0209,YUPAN%020907
PERU%00,ANCASH%02,HUAYLAS%0212,CARAZ%021201
PERU%00,ANCASH%02,HUAYLAS%0212,HUALLANCA%021202
PERU%00,ANCASH%02,HUAYLAS%0212,HUATA%021203
PERU%00,ANCASH%02,HUAYLAS%0212,HUAYLAS%021204
PERU%00,ANCASH%02,HUAYLAS%0212,MATO%021205
PERU%00,ANCASH%02,HUAYLAS%0212,PAMPAROMAS%021206
PERU%00,ANCASH%02,HUAYLAS%0212,PUEBLO LIBRE%021207
PERU%00,ANCASH%02,HUAYLAS%0212,SANTA CRUZ%021208
PERU%00,ANCASH%02,HUAYLAS%0212,YURACMARCA%021210
PERU%00,ANCASH%02,HUAYLAS%0212,SANTO TORIBIO%021209
PERU%00,ANCASH%02,HUARI%0210,HUARI%021001
PERU%00,ANCASH%02,HUARI%0210,CAJAY%021003
PERU%00,ANCASH%02,HUARI%0210,CHAVIN DE HUANTAR%021004
PERU%00,ANCASH%02,HUARI%0210,HUACACHI%021005
PERU%00,ANCASH%02,HUARI%0210,HUACHIS%021007
PERU%00,ANCASH%02,HUARI%0210,HUACCHIS%021006
PERU%00,ANCASH%02,HUARI%0210,HUANTAR%021008
PERU%00,ANCASH%02,HUARI%0210,MASIN%021009
PERU%00,ANCASH%02,HUARI%0210,PAUCAS%021010
PERU%00,ANCASH%02,HUARI%0210,PONTO%021011
PERU%00,ANCASH%02,HUARI%0210,RAHUAPAMPA%021012
PERU%00,ANCASH%02,HUARI%0210,RAPAYAN%021013
PERU%00,ANCASH%02,HUARI%0210,SAN MARCOS%021014
PERU%00,ANCASH%02,HUARI%0210,SAN PEDRO DE CHANA%021015
PERU%00,ANCASH%02,HUARI%0210,UCO%021016
PERU%00,ANCASH%02,HUARI%0210,ANRA%021002
PERU%00,ANCASH%02,MARISCAL LUZURIAGA%0213,PISCOBAMBA%021301
PERU%00,ANCASH%02,MARISCAL LUZURIAGA%0213,CASCA%021302
PERU%00,ANCASH%02,MARISCAL LUZURIAGA%0213,LUCMA%021307
PERU%00,ANCASH%02,MARISCAL LUZURIAGA%0213,FIDEL OLIVAS ESCUDERO%021304
PERU%00,ANCASH%02,MARISCAL LUZURIAGA%0213,LLAMA%021305
PERU%00,ANCASH%02,MARISCAL LUZURIAGA%0213,LLUMPA%021306
PERU%00,ANCASH%02,MARISCAL LUZURIAGA%0213,MUSGA%021308
PERU%00,ANCASH%02,MARISCAL LUZURIAGA%0213,ELEAZAR GUZMAN BARRON%021303
PERU%00,ANCASH%02,PALLASCA%0215,CABANA%021501
PERU%00,ANCASH%02,PALLASCA%0215,BOLOGNESI%021502
PERU%00,ANCASH%02,PALLASCA%0215,CONCHUCOS%021503
PERU%00,ANCASH%02,PALLASCA%0215,HUACASCHUQUE%021504
PERU%00,ANCASH%02,PALLASCA%0215,HUANDOVAL%021505
PERU%00,ANCASH%02,PALLASCA%0215,LACABAMBA%021506
PERU%00,ANCASH%02,PALLASCA%0215,LLAPO%021507
PERU%00,ANCASH%02,PALLASCA%0215,PALLASCA%021508
PERU%00,ANCASH%02,PALLASCA%0215,PAMPAS%021509
PERU%00,ANCASH%02,PALLASCA%0215,SANTA ROSA%021510
PERU%00,ANCASH%02,PALLASCA%0215,TAUCA%021511
PERU%00,ANCASH%02,POMABAMBA%0216,POMABAMBA%021601
PERU%00,ANCASH%02,POMABAMBA%0216,HUAYLLAN%021602
PERU%00,ANCASH%02,POMABAMBA%0216,PAROBAMBA%021603
PERU%00,ANCASH%02,POMABAMBA%0216,QUINUABAMBA%021604
PERU%00,ANCASH%02,RECUAY%0217,RECUAY%021701
PERU%00,ANCASH%02,RECUAY%0217,COTAPARACO%021703
PERU%00,ANCASH%02,RECUAY%0217,HUAYLLAPAMPA%021704
PERU%00,ANCASH%02,RECUAY%0217,MARCA%021706
PERU%00,ANCASH%02,RECUAY%0217,PAMPAS CHICO%021707
PERU%00,ANCASH%02,RECUAY%0217,PARARIN%021708
PERU%00,ANCASH%02,RECUAY%0217,TAPACOCHA%021709
PERU%00,ANCASH%02,RECUAY%0217,TICAPAMPA%021710
PERU%00,ANCASH%02,RECUAY%0217,LLACLLIN%021705
PERU%00,ANCASH%02,RECUAY%0217,CATAC%021702
PERU%00,ANCASH%02,SANTA%0218,CHIMBOTE%021801
PERU%00,ANCASH%02,SANTA%0218,CACERES DEL PERU%021802
PERU%00,ANCASH%02,SANTA%0218,MACATE%021804
PERU%00,ANCASH%02,SANTA%0218,MORO%021805
PERU%00,ANCASH%02,SANTA%0218,NEPEÑA%021806
PERU%00,ANCASH%02,SANTA%0218,SAMANCO%021807
PERU%00,ANCASH%02,SANTA%0218,SANTA%021808
PERU%00,ANCASH%02,SANTA%0218,COISHCO%021803
PERU%00,ANCASH%02,SANTA%0218,NUEVO CHIMBOTE%021809
PERU%00,ANCASH%02,SIHUAS%0219,SIHUAS%021901
PERU%00,ANCASH%02,SIHUAS%0219,ALFONSO UGARTE%021903
PERU%00,ANCASH%02,SIHUAS%0219,CHINGALPO%021905
PERU%00,ANCASH%02,SIHUAS%0219,HUAYLLABAMBA%021906
PERU%00,ANCASH%02,SIHUAS%0219,QUICHES%021907
PERU%00,ANCASH%02,SIHUAS%0219,SICSIBAMBA%021910
PERU%00,ANCASH%02,SIHUAS%0219,ACOBAMBA%021902
PERU%00,ANCASH%02,SIHUAS%0219,CASHAPAMPA%021904
PERU%00,ANCASH%02,SIHUAS%0219,RAGASH%021908
PERU%00,ANCASH%02,SIHUAS%0219,SAN JUAN%021909
PERU%00,ANCASH%02,YUNGAY%0220,YUNGAY%022001
PERU%00,ANCASH%02,YUNGAY%0220,CASCAPARA%022002
PERU%00,ANCASH%02,YUNGAY%0220,MANCOS%022003
PERU%00,ANCASH%02,YUNGAY%0220,MATACOTO%022004
PERU%00,ANCASH%02,YUNGAY%0220,QUILLO%022005
PERU%00,ANCASH%02,YUNGAY%0220,RANRAHIRCA%022006
PERU%00,ANCASH%02,YUNGAY%0220,SHUPLUY%022007
PERU%00,ANCASH%02,YUNGAY%0220,YANAMA%022008
PERU%00,ANCASH%02,ANTONIO RAYMONDI%0203,LLAMELLIN%020301
PERU%00,ANCASH%02,ANTONIO RAYMONDI%0203,ACZO%020302
PERU%00,ANCASH%02,ANTONIO RAYMONDI%0203,CHACCHO%020303
PERU%00,ANCASH%02,ANTONIO RAYMONDI%0203,CHINGAS%020304
PERU%00,ANCASH%02,ANTONIO RAYMONDI%0203,MIRGAS%020305
PERU%00,ANCASH%02,ANTONIO RAYMONDI%0203,SAN JUAN DE RONTOY%020306
PERU%00,ANCASH%02,CARLOS FERMIN FITZCARRALD%0207,SAN LUIS%020701
PERU%00,ANCASH%02,CARLOS FERMIN FITZCARRALD%0207,YAUYA%020703
PERU%00,ANCASH%02,CARLOS FERMIN FITZCARRALD%0207,SAN NICOLAS%020702
PERU%00,ANCASH%02,ASUNCION%0204,CHACAS%020401
PERU%00,ANCASH%02,ASUNCION%0204,ACOCHACA%020402
PERU%00,ANCASH%02,HUARMEY%0211,HUARMEY%021101
PERU%00,ANCASH%02,HUARMEY%0211,COCHAPETI%021102
PERU%00,ANCASH%02,HUARMEY%0211,HUAYAN%021104
PERU%00,ANCASH%02,HUARMEY%0211,MALVAS%021105
PERU%00,ANCASH%02,HUARMEY%0211,CULEBRAS%021103
PERU%00,ANCASH%02,OCROS%0214,ACAS%021402
PERU%00,ANCASH%02,OCROS%0214,CAJAMARQUILLA%021403
PERU%00,ANCASH%02,OCROS%0214,CARHUAPAMPA%021404
PERU%00,ANCASH%02,OCROS%0214,COCHAS%021405
PERU%00,ANCASH%02,OCROS%0214,CONGAS%021406
PERU%00,ANCASH%02,OCROS%0214,LLIPA%021407
PERU%00,ANCASH%02,OCROS%0214,OCROS%021401
PERU%00,ANCASH%02,OCROS%0214,SAN CRISTOBAL DE RAJAN%021408
PERU%00,ANCASH%02,OCROS%0214,SAN PEDRO%021409
PERU%00,ANCASH%02,OCROS%0214,SANTIAGO DE CHILCAS%021410
PERU%00,APURIMAC%03,ABANCAY%0301,ABANCAY%030101
PERU%00,APURIMAC%03,ABANCAY%0301,CIRCA%030103
PERU%00,APURIMAC%03,ABANCAY%0301,CURAHUASI%030104
PERU%00,APURIMAC%03,ABANCAY%0301,CHACOCHE%030102
PERU%00,APURIMAC%03,ABANCAY%0301,HUANIPACA%030105
PERU%00,APURIMAC%03,ABANCAY%0301,LAMBRAMA%030106
PERU%00,APURIMAC%03,ABANCAY%0301,PICHIRHUA%030107
PERU%00,APURIMAC%03,ABANCAY%0301,SAN PEDRO DE CACHORA%030108
PERU%00,APURIMAC%03,ABANCAY%0301,TAMBURCO%030109
PERU%00,APURIMAC%03,AYMARAES%0304,CHALHUANCA%030401
PERU%00,APURIMAC%03,AYMARAES%0304,CAPAYA%030402
PERU%00,APURIMAC%03,AYMARAES%0304,CARAYBAMBA%030403
PERU%00,APURIMAC%03,AYMARAES%0304,COLCABAMBA%030405
PERU%00,APURIMAC%03,AYMARAES%0304,COTARUSE%030406
PERU%00,APURIMAC%03,AYMARAES%0304,CHAPIMARCA%030404
PERU%00,APURIMAC%03,AYMARAES%0304,HUAYLLO%030407
PERU%00,APURIMAC%03,AYMARAES%0304,LUCRE%030409
PERU%00,APURIMAC%03,AYMARAES%0304,POCOHUANCA%030410
PERU%00,APURIMAC%03,AYMARAES%0304,SAÑAYCA%030412
PERU%00,APURIMAC%03,AYMARAES%0304,SORAYA%030413
PERU%00,APURIMAC%03,AYMARAES%0304,TAPAIRIHUA%030414
PERU%00,APURIMAC%03,AYMARAES%0304,TINTAY%030415
PERU%00,APURIMAC%03,AYMARAES%0304,TORAYA%030416
PERU%00,APURIMAC%03,AYMARAES%0304,YANACA%030417
PERU%00,APURIMAC%03,AYMARAES%0304,SAN JUAN DE CHACÑA%030411
PERU%00,APURIMAC%03,AYMARAES%0304,JUSTO APU SAHUARAURA%030408
PERU%00,APURIMAC%03,ANDAHUAYLAS%0302,ANDAHUAYLAS%030201
PERU%00,APURIMAC%03,ANDAHUAYLAS%0302,ANDARAPA%030202
PERU%00,APURIMAC%03,ANDAHUAYLAS%0302,CHIARA%030203
PERU%00,APURIMAC%03,ANDAHUAYLAS%0302,HUANCARAMA%030204
PERU%00,APURIMAC%03,ANDAHUAYLAS%0302,HUANCARAY%030205
PERU%00,APURIMAC%03,ANDAHUAYLAS%0302,KISHUARA%030207
PERU%00,APURIMAC%03,ANDAHUAYLAS%0302,PACOBAMBA%030208
PERU%00,APURIMAC%03,ANDAHUAYLAS%0302,PAMPACHIRI%030210
PERU%00,APURIMAC%03,ANDAHUAYLAS%0302,SAN ANTONIO DE CACHI%030212
PERU%00,APURIMAC%03,ANDAHUAYLAS%0302,SAN JERONIMO%030213
PERU%00,APURIMAC%03,ANDAHUAYLAS%0302,TALAVERA%030216
PERU%00,APURIMAC%03,ANDAHUAYLAS%0302,TURPO%030218
PERU%00,APURIMAC%03,ANDAHUAYLAS%0302,PACUCHA%030209
PERU%00,APURIMAC%03,ANDAHUAYLAS%0302,POMACOCHA%030211
PERU%00,APURIMAC%03,ANDAHUAYLAS%0302,SANTA MARIA DE CHICMO%030215
PERU%00,APURIMAC%03,ANDAHUAYLAS%0302,TUMAY HUARACA%030217
PERU%00,APURIMAC%03,ANDAHUAYLAS%0302,HUAYANA%030206
PERU%00,APURIMAC%03,ANDAHUAYLAS%0302,SAN MIGUEL DE CHACCRAMPA%030214
PERU%00,APURIMAC%03,ANDAHUAYLAS%0302,KAQUIABAMBA%030219
PERU%00,APURIMAC%03,ANDAHUAYLAS%0302,JOSÉ MARÍA ARGUEDAS%030220
PERU%00,APURIMAC%03,ANTABAMBA%0303,ANTABAMBA%030301
PERU%00,APURIMAC%03,ANTABAMBA%0303,EL ORO%030302
PERU%00,APURIMAC%03,ANTABAMBA%0303,HUAQUIRCA%030303
PERU%00,APURIMAC%03,ANTABAMBA%0303,JUAN ESPINOZA MEDRANO%030304
PERU%00,APURIMAC%03,ANTABAMBA%0303,OROPESA%030305
PERU%00,APURIMAC%03,ANTABAMBA%0303,PACHACONAS%030306
PERU%00,APURIMAC%03,ANTABAMBA%0303,SABAINO%030307
PERU%00,APURIMAC%03,COTABAMBAS%0305,TAMBOBAMBA%030501
PERU%00,APURIMAC%03,COTABAMBAS%0305,COYLLURQUI%030503
PERU%00,APURIMAC%03,COTABAMBAS%0305,COTABAMBAS%030502
PERU%00,APURIMAC%03,COTABAMBAS%0305,HAQUIRA%030504
PERU%00,APURIMAC%03,COTABAMBAS%0305,MARA%030505
PERU%00,APURIMAC%03,COTABAMBAS%0305,CHALLHUAHUACHO%030506
PERU%00,APURIMAC%03,GRAU%0307,CHUQUIBAMBILLA%030701
PERU%00,APURIMAC%03,GRAU%0307,CURPAHUASI%030702
PERU%00,APURIMAC%03,GRAU%0307,HUAYLLATI%030704
PERU%00,APURIMAC%03,GRAU%0307,MAMARA%030705
PERU%00,APURIMAC%03,GRAU%0307,GAMARRA%030703
PERU%00,APURIMAC%03,GRAU%0307,MICAELA BASTIDAS%030706
PERU%00,APURIMAC%03,GRAU%0307,PROGRESO%030708
PERU%00,APURIMAC%03,GRAU%0307,PATAYPAMPA%030707
PERU%00,APURIMAC%03,GRAU%0307,SAN ANTONIO%030709
PERU%00,APURIMAC%03,GRAU%0307,TURPAY%030711
PERU%00,APURIMAC%03,GRAU%0307,VILCABAMBA%030712
PERU%00,APURIMAC%03,GRAU%0307,VIRUNDO%030713
PERU%00,APURIMAC%03,GRAU%0307,SANTA ROSA%030710
PERU%00,APURIMAC%03,GRAU%0307,CURASCO%030714
PERU%00,APURIMAC%03,CHINCHEROS%0306,CHINCHEROS%030601
PERU%00,APURIMAC%03,CHINCHEROS%0306,ONGOY%030606
PERU%00,APURIMAC%03,CHINCHEROS%0306,OCOBAMBA%030605
PERU%00,APURIMAC%03,CHINCHEROS%0306,COCHARCAS%030603
PERU%00,APURIMAC%03,CHINCHEROS%0306,ANCO-HUALLO%030602
PERU%00,APURIMAC%03,CHINCHEROS%0306,HUACCANA%030604
PERU%00,APURIMAC%03,CHINCHEROS%0306,URANMARCA%030607
PERU%00,APURIMAC%03,CHINCHEROS%0306,RANRACANCHA%030608
PERU%00,APURIMAC%03,CHINCHEROS%0306,ROCCHACC%030609
PERU%00,APURIMAC%03,CHINCHEROS%0306,EL PORVENIR%030610
PERU%00,APURIMAC%03,CHINCHEROS%0306,LOS CHANKAS%030611
PERU%00,APURIMAC%03,CHINCHEROS%0306,AHUAYRO%030612
PERU%00,AREQUIPA%04,AREQUIPA%0401,AREQUIPA%040101
PERU%00,AREQUIPA%04,AREQUIPA%0401,CAYMA%040103
PERU%00,AREQUIPA%04,AREQUIPA%0401,CERRO COLORADO%040104
PERU%00,AREQUIPA%04,AREQUIPA%0401,CHARACATO%040105
PERU%00,AREQUIPA%04,AREQUIPA%0401,CHIGUATA%040106
PERU%00,AREQUIPA%04,AREQUIPA%0401,LA JOYA%040108
PERU%00,AREQUIPA%04,AREQUIPA%0401,MIRAFLORES%040110
PERU%00,AREQUIPA%04,AREQUIPA%0401,MOLLEBAYA%040111
PERU%00,AREQUIPA%04,AREQUIPA%0401,PAUCARPATA%040112
PERU%00,AREQUIPA%04,AREQUIPA%0401,POCSI%040113
PERU%00,AREQUIPA%04,AREQUIPA%0401,POLOBAYA%040114
PERU%00,AREQUIPA%04,AREQUIPA%0401,QUEQUEÑA%040115
PERU%00,AREQUIPA%04,AREQUIPA%0401,SABANDIA%040116
PERU%00,AREQUIPA%04,AREQUIPA%0401,SACHACA%040117
PERU%00,AREQUIPA%04,AREQUIPA%0401,SAN JUAN DE SIGUAS%040118
PERU%00,AREQUIPA%04,AREQUIPA%0401,SAN JUAN DE TARUCANI%040119
PERU%00,AREQUIPA%04,AREQUIPA%0401,SANTA ISABEL DE SIGUAS%040120
PERU%00,AREQUIPA%04,AREQUIPA%0401,SANTA RITA DE SIGUAS%040121
PERU%00,AREQUIPA%04,AREQUIPA%0401,SOCABAYA%040122
PERU%00,AREQUIPA%04,AREQUIPA%0401,TIABAYA%040123
PERU%00,AREQUIPA%04,AREQUIPA%0401,UCHUMAYO%040124
PERU%00,AREQUIPA%04,AREQUIPA%0401,VITOR%040125
PERU%00,AREQUIPA%04,AREQUIPA%0401,YANAHUARA%040126
PERU%00,AREQUIPA%04,AREQUIPA%0401,YARABAMBA%040127
PERU%00,AREQUIPA%04,AREQUIPA%0401,YURA%040128
PERU%00,AREQUIPA%04,AREQUIPA%0401,MARIANO MELGAR%040109
PERU%00,AREQUIPA%04,AREQUIPA%0401,JACOBO HUNTER%040107
PERU%00,AREQUIPA%04,AREQUIPA%0401,ALTO SELVA ALEGRE%040102
PERU%00,AREQUIPA%04,AREQUIPA%0401,JOSE LUIS BUSTAMANTE Y RIVERO%040129
PERU%00,AREQUIPA%04,CAYLLOMA%0405,CHIVAY%040501
PERU%00,AREQUIPA%04,CAYLLOMA%0405,ACHOMA%040502
PERU%00,AREQUIPA%04,CAYLLOMA%0405,CABANACONDE%040503
PERU%00,AREQUIPA%04,CAYLLOMA%0405,CAYLLOMA%040505
PERU%00,AREQUIPA%04,CAYLLOMA%0405,CALLALLI%040504
PERU%00,AREQUIPA%04,CAYLLOMA%0405,COPORAQUE%040506
PERU%00,AREQUIPA%04,CAYLLOMA%0405,HUAMBO%040507
PERU%00,AREQUIPA%04,CAYLLOMA%0405,HUANCA%040508
PERU%00,AREQUIPA%04,CAYLLOMA%0405,ICHUPAMPA%040509
PERU%00,AREQUIPA%04,CAYLLOMA%0405,LARI%040510
PERU%00,AREQUIPA%04,CAYLLOMA%0405,LLUTA%040511
PERU%00,AREQUIPA%04,CAYLLOMA%0405,MACA%040512
PERU%00,AREQUIPA%04,CAYLLOMA%0405,MADRIGAL%040513
PERU%00,AREQUIPA%04,CAYLLOMA%0405,SAN ANTONIO DE CHUCA%040514
PERU%00,AREQUIPA%04,CAYLLOMA%0405,SIBAYO%040515
PERU%00,AREQUIPA%04,CAYLLOMA%0405,TAPAY%040516
PERU%00,AREQUIPA%04,CAYLLOMA%0405,TISCO%040517
PERU%00,AREQUIPA%04,CAYLLOMA%0405,TUTI%040518
PERU%00,AREQUIPA%04,CAYLLOMA%0405,YANQUE%040519
PERU%00,AREQUIPA%04,CAYLLOMA%0405,MAJES%040520
PERU%00,AREQUIPA%04,CAMANA%0402,CAMANA%040201
PERU%00,AREQUIPA%04,CAMANA%0402,JOSE MARIA QUIMPER%040202
PERU%00,AREQUIPA%04,CAMANA%0402,MARIANO NICOLAS VALCARCEL%040203
PERU%00,AREQUIPA%04,CAMANA%0402,MARISCAL CACERES%040204
PERU%00,AREQUIPA%04,CAMANA%0402,NICOLAS DE PIEROLA%040205
PERU%00,AREQUIPA%04,CAMANA%0402,OCOÑA%040206
PERU%00,AREQUIPA%04,CAMANA%0402,QUILCA%040207
PERU%00,AREQUIPA%04,CAMANA%0402,SAMUEL PASTOR%040208
PERU%00,AREQUIPA%04,CARAVELI%0403,CARAVELI%040301
PERU%00,AREQUIPA%04,CARAVELI%0403,ACARI%040302
PERU%00,AREQUIPA%04,CARAVELI%0403,ATICO%040303
PERU%00,AREQUIPA%04,CARAVELI%0403,ATIQUIPA%040304
PERU%00,AREQUIPA%04,CARAVELI%0403,BELLA UNION%040305
PERU%00,AREQUIPA%04,CARAVELI%0403,CAHUACHO%040306
PERU%00,AREQUIPA%04,CARAVELI%0403,CHALA%040307
PERU%00,AREQUIPA%04,CARAVELI%0403,CHAPARRA%040308
PERU%00,AREQUIPA%04,CARAVELI%0403,HUANUHUANU%040309
PERU%00,AREQUIPA%04,CARAVELI%0403,JAQUI%040310
PERU%00,AREQUIPA%04,CARAVELI%0403,LOMAS%040311
PERU%00,AREQUIPA%04,CARAVELI%0403,QUICACHA%040312
PERU%00,AREQUIPA%04,CARAVELI%0403,YAUCA%040313
PERU%00,AREQUIPA%04,CASTILLA%0404,APLAO%040401
PERU%00,AREQUIPA%04,CASTILLA%0404,ANDAGUA%040402
PERU%00,AREQUIPA%04,CASTILLA%0404,AYO%040403
PERU%00,AREQUIPA%04,CASTILLA%0404,CHACHAS%040404
PERU%00,AREQUIPA%04,CASTILLA%0404,CHILCAYMARCA%040405
PERU%00,AREQUIPA%04,CASTILLA%0404,CHOCO%040406
PERU%00,AREQUIPA%04,CASTILLA%0404,HUANCARQUI%040407
PERU%00,AREQUIPA%04,CASTILLA%0404,MACHAGUAY%040408
PERU%00,AREQUIPA%04,CASTILLA%0404,ORCOPAMPA%040409
PERU%00,AREQUIPA%04,CASTILLA%0404,PAMPACOLCA%040410
PERU%00,AREQUIPA%04,CASTILLA%0404,TIPAN%040411
PERU%00,AREQUIPA%04,CASTILLA%0404,URACA%040413
PERU%00,AREQUIPA%04,CASTILLA%0404,UÑON%040412
PERU%00,AREQUIPA%04,CASTILLA%0404,VIRACO%040414
PERU%00,AREQUIPA%04,CONDESUYOS%0406,CHUQUIBAMBA%040601
PERU%00,AREQUIPA%04,CONDESUYOS%0406,ANDARAY%040602
PERU%00,AREQUIPA%04,CONDESUYOS%0406,CAYARANI%040603
PERU%00,AREQUIPA%04,CONDESUYOS%0406,CHICHAS%040604
PERU%00,AREQUIPA%04,CONDESUYOS%0406,IRAY%040605
PERU%00,AREQUIPA%04,CONDESUYOS%0406,SALAMANCA%040607
PERU%00,AREQUIPA%04,CONDESUYOS%0406,YANAQUIHUA%040608
PERU%00,AREQUIPA%04,CONDESUYOS%0406,RIO GRANDE%040606
PERU%00,AREQUIPA%04,ISLAY%0407,MOLLENDO%040701
PERU%00,AREQUIPA%04,ISLAY%0407,COCACHACRA%040702
PERU%00,AREQUIPA%04,ISLAY%0407,DEAN VALDIVIA%040703
PERU%00,AREQUIPA%04,ISLAY%0407,ISLAY%040704
PERU%00,AREQUIPA%04,ISLAY%0407,MEJIA%040705
PERU%00,AREQUIPA%04,ISLAY%0407,PUNTA DE BOMBON%040706
PERU%00,AREQUIPA%04,LA UNION%0408,COTAHUASI%040801
PERU%00,AREQUIPA%04,LA UNION%0408,ALCA%040802
PERU%00,AREQUIPA%04,LA UNION%0408,CHARCANA%040803
PERU%00,AREQUIPA%04,LA UNION%0408,HUAYNACOTAS%040804
PERU%00,AREQUIPA%04,LA UNION%0408,PAMPAMARCA%040805
PERU%00,AREQUIPA%04,LA UNION%0408,PUYCA%040806
PERU%00,AREQUIPA%04,LA UNION%0408,QUECHUALLA%040807
PERU%00,AREQUIPA%04,LA UNION%0408,SAYLA%040808
PERU%00,AREQUIPA%04,LA UNION%0408,TAURIA%040809
PERU%00,AREQUIPA%04,LA UNION%0408,TOMEPAMPA%040810
PERU%00,AREQUIPA%04,LA UNION%0408,TORO%040811
PERU%00,AYACUCHO%05,HUAMANGA%0501,AYACUCHO%050101
PERU%00,AYACUCHO%05,HUAMANGA%0501,ACOS VINCHOS%050103
PERU%00,AYACUCHO%05,HUAMANGA%0501,CARMEN ALTO%050104
PERU%00,AYACUCHO%05,HUAMANGA%0501,CHIARA%050105
PERU%00,AYACUCHO%05,HUAMANGA%0501,QUINUA%050108
PERU%00,AYACUCHO%05,HUAMANGA%0501,SAN JOSE DE TICLLAS%050109
PERU%00,AYACUCHO%05,HUAMANGA%0501,SAN JUAN BAUTISTA%050110
PERU%00,AYACUCHO%05,HUAMANGA%0501,SANTIAGO DE PISCHA%050111
PERU%00,AYACUCHO%05,HUAMANGA%0501,VINCHOS%050114
PERU%00,AYACUCHO%05,HUAMANGA%0501,TAMBILLO%050113
PERU%00,AYACUCHO%05,HUAMANGA%0501,ACOCRO%050102
PERU%00,AYACUCHO%05,HUAMANGA%0501,SOCOS%050112
PERU%00,AYACUCHO%05,HUAMANGA%0501,OCROS%050106
PERU%00,AYACUCHO%05,HUAMANGA%0501,PACAYCASA%050107
PERU%00,AYACUCHO%05,HUAMANGA%0501,JESUS NAZARENO%050115
PERU%00,AYACUCHO%05,HUAMANGA%0501,ANDRES AVELINO CACERES DORREGARAY%050116
PERU%00,AYACUCHO%05,CANGALLO%0502,CANGALLO%050201
PERU%00,AYACUCHO%05,CANGALLO%0502,CHUSCHI%050202
PERU%00,AYACUCHO%05,CANGALLO%0502,LOS MOROCHUCOS%050203
PERU%00,AYACUCHO%05,CANGALLO%0502,PARAS%050205
PERU%00,AYACUCHO%05,CANGALLO%0502,TOTOS%050206
PERU%00,AYACUCHO%05,CANGALLO%0502,MARIA PARADO DE BELLIDO%050204
PERU%00,AYACUCHO%05,HUANTA%0504,HUANTA%050401
PERU%00,AYACUCHO%05,HUANTA%0504,AYAHUANCO%050402
PERU%00,AYACUCHO%05,HUANTA%0504,HUAMANGUILLA%050403
PERU%00,AYACUCHO%05,HUANTA%0504,IGUAIN%050404
PERU%00,AYACUCHO%05,HUANTA%0504,LURICOCHA%050405
PERU%00,AYACUCHO%05,HUANTA%0504,SANTILLANA%050406
PERU%00,AYACUCHO%05,HUANTA%0504,SIVIA%050407
PERU%00,AYACUCHO%05,HUANTA%0504,LLOCHEGUA%050408
PERU%00,AYACUCHO%05,HUANTA%0504,CANAYRE%050409
PERU%00,AYACUCHO%05,HUANTA%0504,UCHURACCAY%050410
PERU%00,AYACUCHO%05,HUANTA%0504,PUCACOLPA%050411
PERU%00,AYACUCHO%05,HUANTA%0504,CHACA%050412
PERU%00,AYACUCHO%05,HUANTA%0504,PUTIS%050413
PERU%00,AYACUCHO%05,LA MAR%0505,SAN MIGUEL%050501
PERU%00,AYACUCHO%05,LA MAR%0505,ANCO%050502
PERU%00,AYACUCHO%05,LA MAR%0505,AYNA%050503
PERU%00,AYACUCHO%05,LA MAR%0505,CHILCAS%050504
PERU%00,AYACUCHO%05,LA MAR%0505,CHUNGUI%050505
PERU%00,AYACUCHO%05,LA MAR%0505,TAMBO%050508
PERU%00,AYACUCHO%05,LA MAR%0505,LUIS CARRANZA%050506
PERU%00,AYACUCHO%05,LA MAR%0505,SANTA ROSA%050507
PERU%00,AYACUCHO%05,LA MAR%0505,SAMUGARI%050509
PERU%00,AYACUCHO%05,LA MAR%0505,ANCHIHUAY%050510
PERU%00,AYACUCHO%05,LA MAR%0505,ORONCCOY%050511
PERU%00,AYACUCHO%05,LA MAR%0505,UNION PROGRESO%050512
PERU%00,AYACUCHO%05,LA MAR%0505,PATIBAMBA%050515
PERU%00,AYACUCHO%05,LA MAR%0505,NINABAMBA%050514
PERU%00,AYACUCHO%05,LA MAR%0505,RIO MAGDALENA%050513
PERU%00,AYACUCHO%05,LUCANAS%0506,PUQUIO%050601
PERU%00,AYACUCHO%05,LUCANAS%0506,AUCARA%050602
PERU%00,AYACUCHO%05,LUCANAS%0506,CABANA%050603
PERU%00,AYACUCHO%05,LUCANAS%0506,CARMEN SALCEDO%050604
PERU%00,AYACUCHO%05,LUCANAS%0506,CHAVIÑA%050605
PERU%00,AYACUCHO%05,LUCANAS%0506,CHIPAO%050606
PERU%00,AYACUCHO%05,LUCANAS%0506,HUAC-HUAS%050607
PERU%00,AYACUCHO%05,LUCANAS%0506,LARAMATE%050608
PERU%00,AYACUCHO%05,LUCANAS%0506,LEONCIO PRADO%050609
PERU%00,AYACUCHO%05,LUCANAS%0506,LUCANAS%050611
PERU%00,AYACUCHO%05,LUCANAS%0506,LLAUTA%050610
PERU%00,AYACUCHO%05,LUCANAS%0506,OCAÑA%050612
PERU%00,AYACUCHO%05,LUCANAS%0506,OTOCA%050613
PERU%00,AYACUCHO%05,LUCANAS%0506,SANCOS%050619
PERU%00,AYACUCHO%05,LUCANAS%0506,SAN JUAN%050616
PERU%00,AYACUCHO%05,LUCANAS%0506,SAN PEDRO%050617
PERU%00,AYACUCHO%05,LUCANAS%0506,SANTA ANA DE HUAYCAHUACHO%050620
PERU%00,AYACUCHO%05,LUCANAS%0506,SANTA LUCIA%050621
PERU%00,AYACUCHO%05,LUCANAS%0506,SAISA%050614
PERU%00,AYACUCHO%05,LUCANAS%0506,SAN PEDRO DE PALCO%050618
PERU%00,AYACUCHO%05,LUCANAS%0506,SAN CRISTOBAL%050615
PERU%00,AYACUCHO%05,PARINACOCHAS%0507,CORACORA%050701
PERU%00,AYACUCHO%05,PARINACOCHAS%0507,CORONEL CASTAÑEDA%050703
PERU%00,AYACUCHO%05,PARINACOCHAS%0507,CHUMPI%050702
PERU%00,AYACUCHO%05,PARINACOCHAS%0507,PACAPAUSA%050704
PERU%00,AYACUCHO%05,PARINACOCHAS%0507,PULLO%050705
PERU%00,AYACUCHO%05,PARINACOCHAS%0507,PUYUSCA%050706
PERU%00,AYACUCHO%05,PARINACOCHAS%0507,SAN FRANCISCO DE RAVACAYCO%050707
PERU%00,AYACUCHO%05,PARINACOCHAS%0507,UPAHUACHO%050708
PERU%00,AYACUCHO%05,VICTOR FAJARDO%0510,HUANCAPI%051001
PERU%00,AYACUCHO%05,VICTOR FAJARDO%0510,ALCAMENCA%051002
PERU%00,AYACUCHO%05,VICTOR FAJARDO%0510,APONGO%051003
PERU%00,AYACUCHO%05,VICTOR FAJARDO%0510,CANARIA%051005
PERU%00,AYACUCHO%05,VICTOR FAJARDO%0510,CAYARA%051006
PERU%00,AYACUCHO%05,VICTOR FAJARDO%0510,COLCA%051007
PERU%00,AYACUCHO%05,VICTOR FAJARDO%0510,HUAYA%051010
PERU%00,AYACUCHO%05,VICTOR FAJARDO%0510,HUAMANQUIQUIA%051008
PERU%00,AYACUCHO%05,VICTOR FAJARDO%0510,HUANCARAYLLA%051009
PERU%00,AYACUCHO%05,VICTOR FAJARDO%0510,SARHUA%051011
PERU%00,AYACUCHO%05,VICTOR FAJARDO%0510,VILCANCHOS%051012
PERU%00,AYACUCHO%05,VICTOR FAJARDO%0510,ASQUIPATA%051004
PERU%00,AYACUCHO%05,HUANCA SANCOS%0503,SANCOS%050301
PERU%00,AYACUCHO%05,HUANCA SANCOS%0503,SACSAMARCA%050303
PERU%00,AYACUCHO%05,HUANCA SANCOS%0503,SANTIAGO DE LUCANAMARCA%050304
PERU%00,AYACUCHO%05,HUANCA SANCOS%0503,CARAPO%050302
PERU%00,AYACUCHO%05,VILCAS HUAMAN%0511,VILCAS HUAMAN%051101
PERU%00,AYACUCHO%05,VILCAS HUAMAN%0511,VISCHONGO%051108
PERU%00,AYACUCHO%05,VILCAS HUAMAN%0511,ACCOMARCA%051102
PERU%00,AYACUCHO%05,VILCAS HUAMAN%0511,CARHUANCA%051103
PERU%00,AYACUCHO%05,VILCAS HUAMAN%0511,CONCEPCION%051104
PERU%00,AYACUCHO%05,VILCAS HUAMAN%0511,HUAMBALPA%051105
PERU%00,AYACUCHO%05,VILCAS HUAMAN%0511,SAURAMA%051107
PERU%00,AYACUCHO%05,VILCAS HUAMAN%0511,INDEPENDENCIA%051106
PERU%00,AYACUCHO%05,PAUCAR DEL SARA SARA%0508,PAUSA%050801
PERU%00,AYACUCHO%05,PAUCAR DEL SARA SARA%0508,COLTA%050802
PERU%00,AYACUCHO%05,PAUCAR DEL SARA SARA%0508,CORCULLA%050803
PERU%00,AYACUCHO%05,PAUCAR DEL SARA SARA%0508,LAMPA%050804
PERU%00,AYACUCHO%05,PAUCAR DEL SARA SARA%0508,MARCABAMBA%050805
PERU%00,AYACUCHO%05,PAUCAR DEL SARA SARA%0508,OYOLO%050806
PERU%00,AYACUCHO%05,PAUCAR DEL SARA SARA%0508,PARARCA%050807
PERU%00,AYACUCHO%05,PAUCAR DEL SARA SARA%0508,SAN JAVIER DE ALPABAMBA%050808
PERU%00,AYACUCHO%05,PAUCAR DEL SARA SARA%0508,SAN JOSE DE USHUA%050809
PERU%00,AYACUCHO%05,PAUCAR DEL SARA SARA%0508,SARA SARA%050810
PERU%00,AYACUCHO%05,SUCRE%0509,QUEROBAMBA%050901
PERU%00,AYACUCHO%05,SUCRE%0509,BELEN%050902
PERU%00,AYACUCHO%05,SUCRE%0509,CHALCOS%050903
PERU%00,AYACUCHO%05,SUCRE%0509,SAN SALVADOR DE QUIJE%050909
PERU%00,AYACUCHO%05,SUCRE%0509,PAICO%050907
PERU%00,AYACUCHO%05,SUCRE%0509,SANTIAGO DE PAUCARAY%050910
PERU%00,AYACUCHO%05,SUCRE%0509,SAN PEDRO DE LARCAY%050908
PERU%00,AYACUCHO%05,SUCRE%0509,SORAS%050911
PERU%00,AYACUCHO%05,SUCRE%0509,HUACAÑA%050905
PERU%00,AYACUCHO%05,SUCRE%0509,CHILCAYOC%050904
PERU%00,AYACUCHO%05,SUCRE%0509,MORCOLLA%050906
PERU%00,CAJAMARCA%06,CAJAMARCA%0601,CAJAMARCA%060101
PERU%00,CAJAMARCA%06,CAJAMARCA%0601,ASUNCION%060102
PERU%00,CAJAMARCA%06,CAJAMARCA%0601,COSPAN%060104
PERU%00,CAJAMARCA%06,CAJAMARCA%0601,CHETILLA%060103
PERU%00,CAJAMARCA%06,CAJAMARCA%0601,ENCAÑADA%060105
PERU%00,CAJAMARCA%06,CAJAMARCA%0601,JESUS%060106
PERU%00,CAJAMARCA%06,CAJAMARCA%0601,LOS BAÑOS DEL INCA%060108
PERU%00,CAJAMARCA%06,CAJAMARCA%0601,LLACANORA%060107
PERU%00,CAJAMARCA%06,CAJAMARCA%0601,MAGDALENA%060109
PERU%00,CAJAMARCA%06,CAJAMARCA%0601,MATARA%060110
PERU%00,CAJAMARCA%06,CAJAMARCA%0601,NAMORA%060111
PERU%00,CAJAMARCA%06,CAJAMARCA%0601,SAN JUAN%060112
PERU%00,CAJAMARCA%06,CAJABAMBA%0602,CAJABAMBA%060201
PERU%00,CAJAMARCA%06,CAJABAMBA%0602,CACHACHI%060202
PERU%00,CAJAMARCA%06,CAJABAMBA%0602,CONDEBAMBA%060203
PERU%00,CAJAMARCA%06,CAJABAMBA%0602,SITACOCHA%060204
PERU%00,CAJAMARCA%06,CELENDIN%0603,CELENDIN%060301
PERU%00,CAJAMARCA%06,CELENDIN%0603,CORTEGANA%060303
PERU%00,CAJAMARCA%06,CELENDIN%0603,CHUMUCH%060302
PERU%00,CAJAMARCA%06,CELENDIN%0603,HUASMIN%060304
PERU%00,CAJAMARCA%06,CELENDIN%0603,JORGE CHAVEZ%060305
PERU%00,CAJAMARCA%06,CELENDIN%0603,JOSE GALVEZ%060306
PERU%00,CAJAMARCA%06,CELENDIN%0603,MIGUEL IGLESIAS%060307
PERU%00,CAJAMARCA%06,CELENDIN%0603,OXAMARCA%060308
PERU%00,CAJAMARCA%06,CELENDIN%0603,SOROCHUCO%060309
PERU%00,CAJAMARCA%06,CELENDIN%0603,SUCRE%060310
PERU%00,CAJAMARCA%06,CELENDIN%0603,UTCO%060311
PERU%00,CAJAMARCA%06,CELENDIN%0603,LA LIBERTAD DE PALLAN%060312
PERU%00,CAJAMARCA%06,CONTUMAZA%0605,CONTUMAZA%060501
PERU%00,CAJAMARCA%06,CONTUMAZA%0605,CHILETE%060502
PERU%00,CAJAMARCA%06,CONTUMAZA%0605,GUZMANGO%060504
PERU%00,CAJAMARCA%06,CONTUMAZA%0605,SAN BENITO%060505
PERU%00,CAJAMARCA%06,CONTUMAZA%0605,CUPISNIQUE%060503
PERU%00,CAJAMARCA%06,CONTUMAZA%0605,TANTARICA%060507
PERU%00,CAJAMARCA%06,CONTUMAZA%0605,YONAN%060508
PERU%00,CAJAMARCA%06,CONTUMAZA%0605,SANTA CRUZ DE TOLED%060506
PERU%00,CAJAMARCA%06,CUTERVO%0606,CUTERVO%060601
PERU%00,CAJAMARCA%06,CUTERVO%0606,CALLAYUC%060602
PERU%00,CAJAMARCA%06,CUTERVO%0606,CUJILLO%060604
PERU%00,CAJAMARCA%06,CUTERVO%0606,CHOROS%060603
PERU%00,CAJAMARCA%06,CUTERVO%0606,LA RAMADA%060605
PERU%00,CAJAMARCA%06,CUTERVO%0606,PIMPINGOS%060606
PERU%00,CAJAMARCA%06,CUTERVO%0606,QUEROCOTILLO%060607
PERU%00,CAJAMARCA%06,CUTERVO%0606,SAN ANDRES DE CUTERVO%060608
PERU%00,CAJAMARCA%06,CUTERVO%0606,SAN JUAN DE CUTERVO%060609
PERU%00,CAJAMARCA%06,CUTERVO%0606,SAN LUIS DE LUCMA%060610
PERU%00,CAJAMARCA%06,CUTERVO%0606,SANTA CRUZ%060611
PERU%00,CAJAMARCA%06,CUTERVO%0606,SANTO DOMINGO DE LA CAPILLA%060612
PERU%00,CAJAMARCA%06,CUTERVO%0606,SANTO TOMAS%060613
PERU%00,CAJAMARCA%06,CUTERVO%0606,SOCOTA%060614
PERU%00,CAJAMARCA%06,CUTERVO%0606,TORIBIO CASANOVA%060615
PERU%00,CAJAMARCA%06,CHOTA%0604,CHOTA%060401
PERU%00,CAJAMARCA%06,CHOTA%0604,ANGUIA%060402
PERU%00,CAJAMARCA%06,CHOTA%0604,COCHABAMBA%060407
PERU%00,CAJAMARCA%06,CHOTA%0604,CONCHAN%060408
PERU%00,CAJAMARCA%06,CHOTA%0604,CHADIN%060403
PERU%00,CAJAMARCA%06,CHOTA%0604,CHIGUIRIP%060404
PERU%00,CAJAMARCA%06,CHOTA%0604,CHIMBAN%060405
PERU%00,CAJAMARCA%06,CHOTA%0604,HUAMBOS%060409
PERU%00,CAJAMARCA%06,CHOTA%0604,LAJAS%060410
PERU%00,CAJAMARCA%06,CHOTA%0604,LLAMA%060411
PERU%00,CAJAMARCA%06,CHOTA%0604,MIRACOSTA%060412
PERU%00,CAJAMARCA%06,CHOTA%0604,PACCHA%060413
PERU%00,CAJAMARCA%06,CHOTA%0604,PION%060414
PERU%00,CAJAMARCA%06,CHOTA%0604,QUEROCOTO%060415
PERU%00,CAJAMARCA%06,CHOTA%0604,TACABAMBA%060417
PERU%00,CAJAMARCA%06,CHOTA%0604,TOCMOCHE%060418
PERU%00,CAJAMARCA%06,CHOTA%0604,SAN JUAN DE LICUPIS%060416
PERU%00,CAJAMARCA%06,CHOTA%0604,CHOROPAMPA%060406
PERU%00,CAJAMARCA%06,CHOTA%0604,CHALAMARCA%060419
PERU%00,CAJAMARCA%06,HUALGAYOC%0607,BAMBAMARCA%060701
PERU%00,CAJAMARCA%06,HUALGAYOC%0607,CHUGUR%060702
PERU%00,CAJAMARCA%06,HUALGAYOC%0607,HUALGAYOC%060703
PERU%00,CAJAMARCA%06,JAEN%0608,JAEN%060801
PERU%00,CAJAMARCA%06,JAEN%0608,BELLAVISTA%060802
PERU%00,CAJAMARCA%06,JAEN%0608,COLASAY%060804
PERU%00,CAJAMARCA%06,JAEN%0608,CHONTALI%060803
PERU%00,CAJAMARCA%06,JAEN%0608,POMAHUACA%060807
PERU%00,CAJAMARCA%06,JAEN%0608,PUCARA%060808
PERU%00,CAJAMARCA%06,JAEN%0608,SALLIQUE%060809
PERU%00,CAJAMARCA%06,JAEN%0608,SAN FELIPE%060810
PERU%00,CAJAMARCA%06,JAEN%0608,SAN JOSE DEL ALTO%060811
PERU%00,CAJAMARCA%06,JAEN%0608,SANTA ROSA%060812
PERU%00,CAJAMARCA%06,JAEN%0608,LAS PIRIAS%060806
PERU%00,CAJAMARCA%06,JAEN%0608,HUABAL%060805
PERU%00,CAJAMARCA%06,SANTA CRUZ%0613,SANTA CRUZ%061301
PERU%00,CAJAMARCA%06,SANTA CRUZ%0613,CATACHE%061303
PERU%00,CAJAMARCA%06,SANTA CRUZ%0613,CHANCAYBAÑOS%061304
PERU%00,CAJAMARCA%06,SANTA CRUZ%0613,LA ESPERANZA%061305
PERU%00,CAJAMARCA%06,SANTA CRUZ%0613,NINABAMBA%061306
PERU%00,CAJAMARCA%06,SANTA CRUZ%0613,PULAN%061307
PERU%00,CAJAMARCA%06,SANTA CRUZ%0613,SEXI%061309
PERU%00,CAJAMARCA%06,SANTA CRUZ%0613,UTICYACU%061310
PERU%00,CAJAMARCA%06,SANTA CRUZ%0613,YAUYUCAN%061311
PERU%00,CAJAMARCA%06,SANTA CRUZ%0613,ANDABAMBA%061302
PERU%00,CAJAMARCA%06,SANTA CRUZ%0613,SAUCEPAMPA%061308
PERU%00,CAJAMARCA%06,SAN MIGUEL%0611,SAN MIGUEL%061101
PERU%00,CAJAMARCA%06,SAN MIGUEL%0611,CALQUIS%061103
PERU%00,CAJAMARCA%06,SAN MIGUEL%0611,LA FLORIDA%061106
PERU%00,CAJAMARCA%06,SAN MIGUEL%0611,LLAPA%061107
PERU%00,CAJAMARCA%06,SAN MIGUEL%0611,NANCHOC%061108
PERU%00,CAJAMARCA%06,SAN MIGUEL%0611,NIEPOS%061109
PERU%00,CAJAMARCA%06,SAN MIGUEL%0611,SAN GREGORIO%061110
PERU%00,CAJAMARCA%06,SAN MIGUEL%0611,SAN SILVESTRE DE COCHAN%061111
PERU%00,CAJAMARCA%06,SAN MIGUEL%0611,EL PRADO%061105
PERU%00,CAJAMARCA%06,SAN MIGUEL%0611,UNION AGUA BLANCA%061113
PERU%00,CAJAMARCA%06,SAN MIGUEL%0611,TONGOD%061112
PERU%00,CAJAMARCA%06,SAN MIGUEL%0611,CATILLUC%061104
PERU%00,CAJAMARCA%06,SAN MIGUEL%0611,BOLIVAR%061102
PERU%00,CAJAMARCA%06,SAN IGNACIO%0609,SAN IGNACIO%060901
PERU%00,CAJAMARCA%06,SAN IGNACIO%0609,CHIRINOS%060902
PERU%00,CAJAMARCA%06,SAN IGNACIO%0609,HUARANGO%060903
PERU%00,CAJAMARCA%06,SAN IGNACIO%0609,NAMBALLE%060905
PERU%00,CAJAMARCA%06,SAN IGNACIO%0609,LA COIPA%060904
PERU%00,CAJAMARCA%06,SAN IGNACIO%0609,SAN JOSE DE LOURDES%060906
PERU%00,CAJAMARCA%06,SAN IGNACIO%0609,TABACONAS%060907
PERU%00,CAJAMARCA%06,SAN MARCOS%0610,PEDRO GALVEZ%061001
PERU%00,CAJAMARCA%06,SAN MARCOS%0610,ICHOCAN%061005
PERU%00,CAJAMARCA%06,SAN MARCOS%0610,GREGORIO PITA%061004
PERU%00,CAJAMARCA%06,SAN MARCOS%0610,JOSE MANUEL QUIROZ%061006
PERU%00,CAJAMARCA%06,SAN MARCOS%0610,EDUARDO VILLANUEVA%061003
PERU%00,CAJAMARCA%06,SAN MARCOS%0610,JOSE SABOGAL%061007
PERU%00,CAJAMARCA%06,SAN MARCOS%0610,CHANCAY%061002
PERU%00,CAJAMARCA%06,SAN PABLO%0612,SAN PABLO%061201
PERU%00,CAJAMARCA%06,SAN PABLO%0612,SAN BERNARDINO%061202
PERU%00,CAJAMARCA%06,SAN PABLO%0612,SAN LUIS%061203
PERU%00,CAJAMARCA%06,SAN PABLO%0612,TUMBADEN%061204
PERU%00,CUSCO%08,CUSCO%0801,CUSCO%080101
PERU%00,CUSCO%08,CUSCO%0801,CCORCA%080102
PERU%00,CUSCO%08,CUSCO%0801,POROY%080103
PERU%00,CUSCO%08,CUSCO%0801,SAN JERONIMO%080104
PERU%00,CUSCO%08,CUSCO%0801,SAN SEBASTIAN%080105
PERU%00,CUSCO%08,CUSCO%0801,SANTIAGO%080106
PERU%00,CUSCO%08,CUSCO%0801,SAYLLA%080107
PERU%00,CUSCO%08,CUSCO%0801,WANCHAQ%080108
PERU%00,CUSCO%08,ACOMAYO%0802,ACOMAYO%080201
PERU%00,CUSCO%08,ACOMAYO%0802,ACOPIA%080202
PERU%00,CUSCO%08,ACOMAYO%0802,ACOS%080203
PERU%00,CUSCO%08,ACOMAYO%0802,POMACANCHI%080205
PERU%00,CUSCO%08,ACOMAYO%0802,RONDOCAN%080206
PERU%00,CUSCO%08,ACOMAYO%0802,SANGARARA%080207
PERU%00,CUSCO%08,ACOMAYO%0802,MOSOC LLACTA%080204
PERU%00,CUSCO%08,ANTA%0803,ANTA%080301
PERU%00,CUSCO%08,ANTA%0803,CHINCHAYPUJIO%080304
PERU%00,CUSCO%08,ANTA%0803,HUAROCONDO%080305
PERU%00,CUSCO%08,ANTA%0803,LIMATAMBO%080306
PERU%00,CUSCO%08,ANTA%0803,MOLLEPATA%080307
PERU%00,CUSCO%08,ANTA%0803,PUCYURA%080308
PERU%00,CUSCO%08,ANTA%0803,ZURITE%080309
PERU%00,CUSCO%08,ANTA%0803,CACHIMAYO%080303
PERU%00,CUSCO%08,ANTA%0803,ANCAHUASI%080302
PERU%00,CUSCO%08,CALCA%0804,CALCA%080401
PERU%00,CUSCO%08,CALCA%0804,COYA%080402
PERU%00,CUSCO%08,CALCA%0804,LAMAY%080403
PERU%00,CUSCO%08,CALCA%0804,LARES%080404
PERU%00,CUSCO%08,CALCA%0804,PISAC%080405
PERU%00,CUSCO%08,CALCA%0804,SAN SALVADOR%080406
PERU%00,CUSCO%08,CALCA%0804,TARAY%080407
PERU%00,CUSCO%08,CALCA%0804,YANATILE%080408
PERU%00,CUSCO%08,CANAS%0805,YANAOCA%080501
PERU%00,CUSCO%08,CANAS%0805,CHECCA%080502
PERU%00,CUSCO%08,CANAS%0805,KUNTURKANKI%080503
PERU%00,CUSCO%08,CANAS%0805,LANGUI%080504
PERU%00,CUSCO%08,CANAS%0805,LAYO%080505
PERU%00,CUSCO%08,CANAS%0805,PAMPAMARCA%080506
PERU%00,CUSCO%08,CANAS%0805,QUEHUE%080507
PERU%00,CUSCO%08,CANAS%0805,TUPAC AMARU%080508
PERU%00,CUSCO%08,CANCHIS%0806,SICUANI%080601
PERU%00,CUSCO%08,CANCHIS%0806,COMBAPATA%080603
PERU%00,CUSCO%08,CANCHIS%0806,CHECACUPE%080602
PERU%00,CUSCO%08,CANCHIS%0806,MARANGANI%080604
PERU%00,CUSCO%08,CANCHIS%0806,PITUMARCA%080605
PERU%00,CUSCO%08,CANCHIS%0806,SAN PABLO%080606
PERU%00,CUSCO%08,CANCHIS%0806,SAN PEDRO%080607
PERU%00,CUSCO%08,CANCHIS%0806,TINTA%080608
PERU%00,CUSCO%08,CHUMBIVILCAS%0807,SANTO TOMAS%080701
PERU%00,CUSCO%08,CHUMBIVILCAS%0807,CAPACMARCA%080702
PERU%00,CUSCO%08,CHUMBIVILCAS%0807,COLQUEMARCA%080704
PERU%00,CUSCO%08,CHUMBIVILCAS%0807,CHAMACA%080703
PERU%00,CUSCO%08,CHUMBIVILCAS%0807,LIVITACA%080705
PERU%00,CUSCO%08,CHUMBIVILCAS%0807,LLUSCO%080706
PERU%00,CUSCO%08,CHUMBIVILCAS%0807,QUIÑOTA%080707
PERU%00,CUSCO%08,CHUMBIVILCAS%0807,VELILLE%080708
PERU%00,CUSCO%08,ESPINAR%0808,ESPINAR%080801
PERU%00,CUSCO%08,ESPINAR%0808,CONDOROMA%080802
PERU%00,CUSCO%08,ESPINAR%0808,COPORAQUE%080803
PERU%00,CUSCO%08,ESPINAR%0808,OCORURO%080804
PERU%00,CUSCO%08,ESPINAR%0808,PALLPATA%080805
PERU%00,CUSCO%08,ESPINAR%0808,PICHIGUA%080806
PERU%00,CUSCO%08,ESPINAR%0808,SUYCKUTAMBO%080807
PERU%00,CUSCO%08,ESPINAR%0808,ALTO PICHIGUA%080808
PERU%00,CUSCO%08,LA CONVENCION%0809,SANTA ANA%080901
PERU%00,CUSCO%08,LA CONVENCION%0809,ECHARATE%080902
PERU%00,CUSCO%08,LA CONVENCION%0809,HUAYOPATA%080903
PERU%00,CUSCO%08,LA CONVENCION%0809,MARANURA%080904
PERU%00,CUSCO%08,LA CONVENCION%0809,OCOBAMBA%080905
PERU%00,CUSCO%08,LA CONVENCION%0809,SANTA TERESA%080908
PERU%00,CUSCO%08,LA CONVENCION%0809,VILCABAMBA%080909
PERU%00,CUSCO%08,LA CONVENCION%0809,QUELLOUNO%080906
PERU%00,CUSCO%08,LA CONVENCION%0809,KIMBIRI%080907
PERU%00,CUSCO%08,LA CONVENCION%0809,PICHARI%080910
PERU%00,CUSCO%08,LA CONVENCION%0809,INKAWASI%080911
PERU%00,CUSCO%08,LA CONVENCION%0809,VILLA VIRGEN%080912
PERU%00,CUSCO%08,LA CONVENCION%0809,VILLA KINTIARINA%080913
PERU%00,CUSCO%08,LA CONVENCION%0809,MEGANTONI%080914
PERU%00,CUSCO%08,LA CONVENCION%0809,KUMPIRUSHIATO%080915
PERU%00,CUSCO%08,LA CONVENCION%0809,CIELO PUNCO%080916
PERU%00,CUSCO%08,LA CONVENCION%0809,MANITEA%080917
PERU%00,CUSCO%08,LA CONVENCION%0809,UNION ASHÁNINKA%080918
PERU%00,CUSCO%08,PARURO%0810,PARURO%081001
PERU%00,CUSCO%08,PARURO%0810,ACCHA%081002
PERU%00,CUSCO%08,PARURO%0810,CCAPI%081003
PERU%00,CUSCO%08,PARURO%0810,COLCHA%081004
PERU%00,CUSCO%08,PARURO%0810,HUANOQUITE%081005
PERU%00,CUSCO%08,PARURO%0810,OMACHA%081006
PERU%00,CUSCO%08,PARURO%0810,YAURISQUE%081009
PERU%00,CUSCO%08,PARURO%0810,PACCARITAMBO%081007
PERU%00,CUSCO%08,PARURO%0810,PILLPINTO%081008
PERU%00,CUSCO%08,PAUCARTAMBO%0811,PAUCARTAMBO%081101
PERU%00,CUSCO%08,PAUCARTAMBO%0811,CAICAY%081102
PERU%00,CUSCO%08,PAUCARTAMBO%0811,COLQUEPATA%081104
PERU%00,CUSCO%08,PAUCARTAMBO%0811,CHALLABAMBA%081103
PERU%00,CUSCO%08,PAUCARTAMBO%0811,KOSÑIPATA%081106
PERU%00,CUSCO%08,PAUCARTAMBO%0811,HUANCARANI%081105
PERU%00,CUSCO%08,QUISPICANCHI%0812,URCOS%081201
PERU%00,CUSCO%08,QUISPICANCHI%0812,ANDAHUAYLILLAS%081202
PERU%00,CUSCO%08,QUISPICANCHI%0812,CAMANTI%081203
PERU%00,CUSCO%08,QUISPICANCHI%0812,CCARHUAYO%081204
PERU%00,CUSCO%08,QUISPICANCHI%0812,CCATCA%081205
PERU%00,CUSCO%08,QUISPICANCHI%0812,CUSIPATA%081206
PERU%00,CUSCO%08,QUISPICANCHI%0812,HUARO%081207
PERU%00,CUSCO%08,QUISPICANCHI%0812,LUCRE%081208
PERU%00,CUSCO%08,QUISPICANCHI%0812,MARCAPATA%081209
PERU%00,CUSCO%08,QUISPICANCHI%0812,OCONGATE%081210
PERU%00,CUSCO%08,QUISPICANCHI%0812,OROPESA%081211
PERU%00,CUSCO%08,QUISPICANCHI%0812,QUIQUIJANA%081212
PERU%00,CUSCO%08,URUBAMBA%0813,URUBAMBA%081301
PERU%00,CUSCO%08,URUBAMBA%0813,CHINCHERO%081302
PERU%00,CUSCO%08,URUBAMBA%0813,HUAYLLABAMBA%081303
PERU%00,CUSCO%08,URUBAMBA%0813,MACHUPICCHU%081304
PERU%00,CUSCO%08,URUBAMBA%0813,MARAS%081305
PERU%00,CUSCO%08,URUBAMBA%0813,OLLANTAYTAMBO%081306
PERU%00,CUSCO%08,URUBAMBA%0813,YUCAY%081307
PERU%00,HUANCAVELICA%09,HUANCAVELICA%0901,HUANCAVELICA%090101
PERU%00,HUANCAVELICA%09,HUANCAVELICA%0901,ACOBAMBILLA%090102
PERU%00,HUANCAVELICA%09,HUANCAVELICA%0901,ACORIA%090103
PERU%00,HUANCAVELICA%09,HUANCAVELICA%0901,CONAYCA%090104
PERU%00,HUANCAVELICA%09,HUANCAVELICA%0901,CUENCA%090105
PERU%00,HUANCAVELICA%09,HUANCAVELICA%0901,HUACHOCOLPA%090106
PERU%00,HUANCAVELICA%09,HUANCAVELICA%0901,HUAYLLAHUARA%090107
PERU%00,HUANCAVELICA%09,HUANCAVELICA%0901,IZCUCHACA%090108
PERU%00,HUANCAVELICA%09,HUANCAVELICA%0901,LARIA%090109
PERU%00,HUANCAVELICA%09,HUANCAVELICA%0901,MANTA%090110
PERU%00,HUANCAVELICA%09,HUANCAVELICA%0901,MARISCAL CACERES%090111
PERU%00,HUANCAVELICA%09,HUANCAVELICA%0901,MOYA%090112
PERU%00,HUANCAVELICA%09,HUANCAVELICA%0901,NUEVO OCCORO%090113
PERU%00,HUANCAVELICA%09,HUANCAVELICA%0901,PALCA%090114
PERU%00,HUANCAVELICA%09,HUANCAVELICA%0901,PILCHACA%090115
PERU%00,HUANCAVELICA%09,HUANCAVELICA%0901,VILCA%090116
PERU%00,HUANCAVELICA%09,HUANCAVELICA%0901,YAULI%090117
PERU%00,HUANCAVELICA%09,HUANCAVELICA%0901,ASCENSION%090118
PERU%00,HUANCAVELICA%09,HUANCAVELICA%0901,HUANDO%090119
PERU%00,HUANCAVELICA%09,ACOBAMBA%0902,ACOBAMBA%090201
PERU%00,HUANCAVELICA%09,ACOBAMBA%0902,ANTA%090203
PERU%00,HUANCAVELICA%09,ACOBAMBA%0902,ANDABAMBA%090202
PERU%00,HUANCAVELICA%09,ACOBAMBA%0902,CAJA%090204
PERU%00,HUANCAVELICA%09,ACOBAMBA%0902,MARCAS%090205
PERU%00,HUANCAVELICA%09,ACOBAMBA%0902,PAUCARA%090206
PERU%00,HUANCAVELICA%09,ACOBAMBA%0902,POMACOCHA%090207
PERU%00,HUANCAVELICA%09,ACOBAMBA%0902,ROSARIO%090208
PERU%00,HUANCAVELICA%09,ANGARAES%0903,LIRCAY%090301
PERU%00,HUANCAVELICA%09,ANGARAES%0903,ANCHONGA%090302
PERU%00,HUANCAVELICA%09,ANGARAES%0903,CALLANMARCA%090303
PERU%00,HUANCAVELICA%09,ANGARAES%0903,CONGALLA%090306
PERU%00,HUANCAVELICA%09,ANGARAES%0903,CHINCHO%090305
PERU%00,HUANCAVELICA%09,ANGARAES%0903,HUAYLLAY GRANDE%090308
PERU%00,HUANCAVELICA%09,ANGARAES%0903,HUANCA-HUANCA%090307
PERU%00,HUANCAVELICA%09,ANGARAES%0903,JULCAMARCA%090309
PERU%00,HUANCAVELICA%09,ANGARAES%0903,SAN ANTONIO DE ANTAPARCO%090310
PERU%00,HUANCAVELICA%09,ANGARAES%0903,SANTO TOMAS DE PATA%090311
PERU%00,HUANCAVELICA%09,ANGARAES%0903,SECCLLA%090312
PERU%00,HUANCAVELICA%09,ANGARAES%0903,CCOCHACCASA%090304
PERU%00,HUANCAVELICA%09,CASTROVIRREYNA%0904,CASTROVIRREYNA%090401
PERU%00,HUANCAVELICA%09,CASTROVIRREYNA%0904,ARMA%090402
PERU%00,HUANCAVELICA%09,CASTROVIRREYNA%0904,AURAHUA%090403
PERU%00,HUANCAVELICA%09,CASTROVIRREYNA%0904,CAPILLAS%090404
PERU%00,HUANCAVELICA%09,CASTROVIRREYNA%0904,COCAS%090406
PERU%00,HUANCAVELICA%09,CASTROVIRREYNA%0904,CHUPAMARCA%090405
PERU%00,HUANCAVELICA%09,CASTROVIRREYNA%0904,HUACHOS%090407
PERU%00,HUANCAVELICA%09,CASTROVIRREYNA%0904,HUAMATAMBO%090408
PERU%00,HUANCAVELICA%09,CASTROVIRREYNA%0904,MOLLEPAMPA%090409
PERU%00,HUANCAVELICA%09,CASTROVIRREYNA%0904,SAN JUAN%090410
PERU%00,HUANCAVELICA%09,CASTROVIRREYNA%0904,TANTARA%090412
PERU%00,HUANCAVELICA%09,CASTROVIRREYNA%0904,TICRAPO%090413
PERU%00,HUANCAVELICA%09,CASTROVIRREYNA%0904,SANTA ANA%090411
PERU%00,HUANCAVELICA%09,TAYACAJA%0907,PAMPAS%090701
PERU%00,HUANCAVELICA%09,TAYACAJA%0907,ACOSTAMBO%090702
PERU%00,HUANCAVELICA%09,TAYACAJA%0907,ACRAQUIA%090703
PERU%00,HUANCAVELICA%09,TAYACAJA%0907,AHUAYCHA%090704
PERU%00,HUANCAVELICA%09,TAYACAJA%0907,COLCABAMBA%090705
PERU%00,HUANCAVELICA%09,TAYACAJA%0907,DANIEL HERNANDEZ%090706
PERU%00,HUANCAVELICA%09,TAYACAJA%0907,HUACHOCOLPA%090707
PERU%00,HUANCAVELICA%09,TAYACAJA%0907,HUARIBAMBA%090709
PERU%00,HUANCAVELICA%09,TAYACAJA%0907,ÑAHUIMPUQUIO%090710
PERU%00,HUANCAVELICA%09,TAYACAJA%0907,PAZOS%090711
PERU%00,HUANCAVELICA%09,TAYACAJA%0907,QUISHUAR%090713
PERU%00,HUANCAVELICA%09,TAYACAJA%0907,SALCABAMBA%090714
PERU%00,HUANCAVELICA%09,TAYACAJA%0907,SAN MARCOS DE ROCCHAC%090716
PERU%00,HUANCAVELICA%09,TAYACAJA%0907,SURCUBAMBA%090717
PERU%00,HUANCAVELICA%09,TAYACAJA%0907,TINTAY PUNCU%090718
PERU%00,HUANCAVELICA%09,TAYACAJA%0907,SALCAHUASI%090715
PERU%00,HUANCAVELICA%09,TAYACAJA%0907,QUICHUAS%090719
PERU%00,HUANCAVELICA%09,TAYACAJA%0907,ANDAYMARCA%090720
PERU%00,HUANCAVELICA%09,TAYACAJA%0907,ROBLE%090721
PERU%00,HUANCAVELICA%09,TAYACAJA%0907,PICHOS%090722
PERU%00,HUANCAVELICA%09,TAYACAJA%0907,SANTIAGO DE TUCUMA%090723
PERU%00,HUANCAVELICA%09,TAYACAJA%0907,LAMBRAS%090724
PERU%00,HUANCAVELICA%09,TAYACAJA%0907,COCHABAMBA%090725
PERU%00,HUANCAVELICA%09,HUAYTARA%0906,AYAVI%090602
PERU%00,HUANCAVELICA%09,HUAYTARA%0906,CORDOVA%090603
PERU%00,HUANCAVELICA%09,HUAYTARA%0906,HUAYACUNDO ARMA%090604
PERU%00,HUANCAVELICA%09,HUAYTARA%0906,HUAYTARA%090601
PERU%00,HUANCAVELICA%09,HUAYTARA%0906,LARAMARCA%090605
PERU%00,HUANCAVELICA%09,HUAYTARA%0906,OCOYO%090606
PERU%00,HUANCAVELICA%09,HUAYTARA%0906,PILPICHACA%090607
PERU%00,HUANCAVELICA%09,HUAYTARA%0906,QUERCO%090608
PERU%00,HUANCAVELICA%09,HUAYTARA%0906,QUITO-ARMA%090609
PERU%00,HUANCAVELICA%09,HUAYTARA%0906,SAN ANTONIO DE CUSICANCHA%090610
PERU%00,HUANCAVELICA%09,HUAYTARA%0906,SAN FRANCISCO DE SANGAYAICO%090611
PERU%00,HUANCAVELICA%09,HUAYTARA%0906,SAN ISIDRO%090612
PERU%00,HUANCAVELICA%09,HUAYTARA%0906,SANTIAGO DE CHOCORVOS%090613
PERU%00,HUANCAVELICA%09,HUAYTARA%0906,SANTIAGO DE QUIRAHUARA%090614
PERU%00,HUANCAVELICA%09,HUAYTARA%0906,SANTO DOMINGO DE CAPILLAS%090615
PERU%00,HUANCAVELICA%09,HUAYTARA%0906,TAMBO%090616
PERU%00,HUANCAVELICA%09,CHURCAMPA%0905,CHURCAMPA%090501
PERU%00,HUANCAVELICA%09,CHURCAMPA%0905,ANCO%090502
PERU%00,HUANCAVELICA%09,CHURCAMPA%0905,CHINCHIHUASI%090503
PERU%00,HUANCAVELICA%09,CHURCAMPA%0905,EL CARMEN%090504
PERU%00,HUANCAVELICA%09,CHURCAMPA%0905,LA MERCED%090505
PERU%00,HUANCAVELICA%09,CHURCAMPA%0905,LOCROJA%090506
PERU%00,HUANCAVELICA%09,CHURCAMPA%0905,PAUCARBAMBA%090507
PERU%00,HUANCAVELICA%09,CHURCAMPA%0905,SAN MIGUEL DE MAYOCC%090508
PERU%00,HUANCAVELICA%09,CHURCAMPA%0905,SAN PEDRO DE CORIS%090509
PERU%00,HUANCAVELICA%09,CHURCAMPA%0905,PACHAMARCA%090510
PERU%00,HUANCAVELICA%09,CHURCAMPA%0905,COSME%090511
PERU%00,HUANUCO%10,HUANUCO%1001,HUANUCO%100101
PERU%00,HUANUCO%10,HUANUCO%1001,CHINCHAO%100103
PERU%00,HUANUCO%10,HUANUCO%1001,CHURUBAMBA%100104
PERU%00,HUANUCO%10,HUANUCO%1001,MARGOS%100105
PERU%00,HUANUCO%10,HUANUCO%1001,QUISQUI%100106
PERU%00,HUANUCO%10,HUANUCO%1001,SAN FRANCISCO DE CAYRAN%100107
PERU%00,HUANUCO%10,HUANUCO%1001,SAN PEDRO DE CHAULAN%100108
PERU%00,HUANUCO%10,HUANUCO%1001,SANTA MARIA DEL VALLE%100109
PERU%00,HUANUCO%10,HUANUCO%1001,YARUMAYO%100110
PERU%00,HUANUCO%10,HUANUCO%1001,AMARILIS%100102
PERU%00,HUANUCO%10,HUANUCO%1001,PILLCO MARCA%100111
PERU%00,HUANUCO%10,HUANUCO%1001,YACUS%100112
PERU%00,HUANUCO%10,HUANUCO%1001,SAN PABLO DE PILLAO%100113
PERU%00,HUANUCO%10,AMBO%1002,AMBO%100201
PERU%00,HUANUCO%10,AMBO%1002,CAYNA%100202
PERU%00,HUANUCO%10,AMBO%1002,COLPAS%100203
PERU%00,HUANUCO%10,AMBO%1002,CONCHAMARCA%100204
PERU%00,HUANUCO%10,AMBO%1002,HUACAR%100205
PERU%00,HUANUCO%10,AMBO%1002,SAN FRANCISCO%100206
PERU%00,HUANUCO%10,AMBO%1002,SAN RAFAEL%100207
PERU%00,HUANUCO%10,AMBO%1002,TOMAY KICHWA%100208
PERU%00,HUANUCO%10,DOS DE MAYO%1003,LA UNION%100301
PERU%00,HUANUCO%10,DOS DE MAYO%1003,CHUQUIS%100307
PERU%00,HUANUCO%10,DOS DE MAYO%1003,MARIAS%100311
PERU%00,HUANUCO%10,DOS DE MAYO%1003,PACHAS%100313
PERU%00,HUANUCO%10,DOS DE MAYO%1003,QUIVILLA%100316
PERU%00,HUANUCO%10,DOS DE MAYO%1003,RIPAN%100317
PERU%00,HUANUCO%10,DOS DE MAYO%1003,SHUNQUI%100321
PERU%00,HUANUCO%10,DOS DE MAYO%1003,SILLAPATA%100322
PERU%00,HUANUCO%10,DOS DE MAYO%1003,YANAS%100323
PERU%00,HUANUCO%10,HUAMALIES%1005,LLATA%100501
PERU%00,HUANUCO%10,HUAMALIES%1005,ARANCAY%100502
PERU%00,HUANUCO%10,HUAMALIES%1005,CHAVIN DE PARIARCA%100503
PERU%00,HUANUCO%10,HUAMALIES%1005,JACAS GRANDE%100504
PERU%00,HUANUCO%10,HUAMALIES%1005,JIRCAN%100505
PERU%00,HUANUCO%10,HUAMALIES%1005,MIRAFLORES%100506
PERU%00,HUANUCO%10,HUAMALIES%1005,MONZON%100507
PERU%00,HUANUCO%10,HUAMALIES%1005,PUNCHAO%100508
PERU%00,HUANUCO%10,HUAMALIES%1005,PUÑOS%100509
PERU%00,HUANUCO%10,HUAMALIES%1005,SINGA%100510
PERU%00,HUANUCO%10,HUAMALIES%1005,TANTAMAYO%100511
PERU%00,HUANUCO%10,MARAÑON%1007,HUACRACHUCO%100701
PERU%00,HUANUCO%10,MARAÑON%1007,CHOLON%100702
PERU%00,HUANUCO%10,MARAÑON%1007,SAN BUENAVENTURA%100703
PERU%00,HUANUCO%10,MARAÑON%1007,LA MORADA%100704
PERU%00,HUANUCO%10,MARAÑON%1007,SANTA ROSA DE ALTO YANAJANCA%100705
PERU%00,HUANUCO%10,LEONCIO PRADO%1006,RUPA-RUPA%100601
PERU%00,HUANUCO%10,LEONCIO PRADO%1006,DANIEL ALOMIA ROBLES%100602
PERU%00,HUANUCO%10,LEONCIO PRADO%1006,HERMILIO VALDIZAN%100603
PERU%00,HUANUCO%10,LEONCIO PRADO%1006,LUYANDO%100605
PERU%00,HUANUCO%10,LEONCIO PRADO%1006,MARIANO DAMASO BERAUN%100606
PERU%00,HUANUCO%10,LEONCIO PRADO%1006,JOSE CRESPO Y CASTILLO%100604
PERU%00,HUANUCO%10,LEONCIO PRADO%1006,PUCAYACU%100607
PERU%00,HUANUCO%10,LEONCIO PRADO%1006,CASTILLO GRANDE%100608
PERU%00,HUANUCO%10,LEONCIO PRADO%1006,PUEBLO NUEVO%100609
PERU%00,HUANUCO%10,LEONCIO PRADO%1006,SANTO DOMINGO DE ANDA%100610
PERU%00,HUANUCO%10,PACHITEA%1008,PANAO%100801
PERU%00,HUANUCO%10,PACHITEA%1008,CHAGLLA%100802
PERU%00,HUANUCO%10,PACHITEA%1008,MOLINO%100803
PERU%00,HUANUCO%10,PACHITEA%1008,UMARI%100804
PERU%00,HUANUCO%10,PUERTO INCA%1009,HONORIA%100903
PERU%00,HUANUCO%10,PUERTO INCA%1009,PUERTO INCA%100901
PERU%00,HUANUCO%10,PUERTO INCA%1009,CODO DEL POZUZO%100902
PERU%00,HUANUCO%10,PUERTO INCA%1009,TOURNAVISTA%100904
PERU%00,HUANUCO%10,PUERTO INCA%1009,YUYAPICHIS%100905
PERU%00,HUANUCO%10,HUACAYBAMBA%1004,HUACAYBAMBA%100401
PERU%00,HUANUCO%10,HUACAYBAMBA%1004,PINRA%100404
PERU%00,HUANUCO%10,HUACAYBAMBA%1004,CANCHABAMBA%100402
PERU%00,HUANUCO%10,HUACAYBAMBA%1004,COCHABAMBA%100403
PERU%00,HUANUCO%10,LAURICOCHA%1010,JESUS%101001
PERU%00,HUANUCO%10,LAURICOCHA%1010,BAÑOS%101002
PERU%00,HUANUCO%10,LAURICOCHA%1010,SAN FRANCISCO DE ASIS%101006
PERU%00,HUANUCO%10,LAURICOCHA%1010,QUEROPALCA%101004
PERU%00,HUANUCO%10,LAURICOCHA%1010,SAN MIGUEL DE CAURI%101007
PERU%00,HUANUCO%10,LAURICOCHA%1010,RONDOS%101005
PERU%00,HUANUCO%10,LAURICOCHA%1010,JIVIA%101003
PERU%00,HUANUCO%10,YAROWILCA%1011,CHAVINILLO%101101
PERU%00,HUANUCO%10,YAROWILCA%1011,APARICIO POMARES%101104
PERU%00,HUANUCO%10,YAROWILCA%1011,CAHUAC%101102
PERU%00,HUANUCO%10,YAROWILCA%1011,CHACABAMBA%101103
PERU%00,HUANUCO%10,YAROWILCA%1011,JACAS CHICO%101105
PERU%00,HUANUCO%10,YAROWILCA%1011,OBAS%101106
PERU%00,HUANUCO%10,YAROWILCA%1011,PAMPAMARCA%101107
PERU%00,HUANUCO%10,YAROWILCA%1011,CHORAS%101108
PERU%00,ICA%11,ICA%1101,ICA%110101
PERU%00,ICA%11,ICA%1101,LA TINGUIÑA%110102
PERU%00,ICA%11,ICA%1101,LOS AQUIJES%110103
PERU%00,ICA%11,ICA%1101,PARCONA%110106
PERU%00,ICA%11,ICA%1101,PUEBLO NUEVO%110107
PERU%00,ICA%11,ICA%1101,SALAS%110108
PERU%00,ICA%11,ICA%1101,SAN JOSE DE LOS MOLINOS%110109
PERU%00,ICA%11,ICA%1101,SAN JUAN BAUTISTA%110110
PERU%00,ICA%11,ICA%1101,SANTIAGO%110111
PERU%00,ICA%11,ICA%1101,SUBTANJALLA%110112
PERU%00,ICA%11,ICA%1101,YAUCA DEL ROSARIO%110114
PERU%00,ICA%11,ICA%1101,TATE%110113
PERU%00,ICA%11,ICA%1101,PACHACUTEC%110105
PERU%00,ICA%11,ICA%1101,OCUCAJE%110104
PERU%00,ICA%11,CHINCHA%1102,CHINCHA ALTA%110201
PERU%00,ICA%11,CHINCHA%1102,CHAVIN%110203
PERU%00,ICA%11,CHINCHA%1102,CHINCHA BAJA%110204
PERU%00,ICA%11,CHINCHA%1102,EL CARMEN%110205
PERU%00,ICA%11,CHINCHA%1102,GROCIO PRADO%110206
PERU%00,ICA%11,CHINCHA%1102,SAN PEDRO DE HUACARPANA%110209
PERU%00,ICA%11,CHINCHA%1102,SUNAMPE%110210
PERU%00,ICA%11,CHINCHA%1102,TAMBO DE MORA%110211
PERU%00,ICA%11,CHINCHA%1102,ALTO LARAN%110202
PERU%00,ICA%11,CHINCHA%1102,PUEBLO NUEVO%110207
PERU%00,ICA%11,CHINCHA%1102,SAN JUAN DE YANAC%110208
PERU%00,ICA%11,NAZCA%1103,NAZCA%110301
PERU%00,ICA%11,NAZCA%1103,CHANGUILLO%110302
PERU%00,ICA%11,NAZCA%1103,EL INGENIO%110303
PERU%00,ICA%11,NAZCA%1103,MARCONA%110304
PERU%00,ICA%11,NAZCA%1103,VISTA ALEGRE%110305
PERU%00,ICA%11,PISCO%1105,PISCO%110501
PERU%00,ICA%11,PISCO%1105,HUANCANO%110502
PERU%00,ICA%11,PISCO%1105,HUMAY%110503
PERU%00,ICA%11,PISCO%1105,INDEPENDENCIA%110504
PERU%00,ICA%11,PISCO%1105,PARACAS%110505
PERU%00,ICA%11,PISCO%1105,SAN ANDRES%110506
PERU%00,ICA%11,PISCO%1105,SAN CLEMENTE%110507
PERU%00,ICA%11,PISCO%1105,TUPAC AMARU INCA%110508
PERU%00,ICA%11,PALPA%1104,PALPA%110401
PERU%00,ICA%11,PALPA%1104,LLIPATA%110402
PERU%00,ICA%11,PALPA%1104,RIO GRANDE%110403
PERU%00,ICA%11,PALPA%1104,SANTA CRUZ%110404
PERU%00,ICA%11,PALPA%1104,TIBILLO%110405
PERU%00,JUNIN%12,HUANCAYO%1201,HUANCAYO%120101
PERU%00,JUNIN%12,HUANCAYO%1201,CARHUACALLANGA%120104
PERU%00,JUNIN%12,HUANCAYO%1201,COLCA%120112
PERU%00,JUNIN%12,HUANCAYO%1201,CULLHUAS%120113
PERU%00,JUNIN%12,HUANCAYO%1201,CHACAPAMPA%120105
PERU%00,JUNIN%12,HUANCAYO%1201,CHICCHE%120106
PERU%00,JUNIN%12,HUANCAYO%1201,CHILCA%120107
PERU%00,JUNIN%12,HUANCAYO%1201,CHONGOS ALTO%120108
PERU%00,JUNIN%12,HUANCAYO%1201,CHUPURO%120111
PERU%00,JUNIN%12,HUANCAYO%1201,EL TAMBO%120114
PERU%00,JUNIN%12,HUANCAYO%1201,HUACRAPUQUIO%120116
PERU%00,JUNIN%12,HUANCAYO%1201,HUALHUAS%120117
PERU%00,JUNIN%12,HUANCAYO%1201,HUANCAN%120119
PERU%00,JUNIN%12,HUANCAYO%1201,HUASICANCHA%120120
PERU%00,JUNIN%12,HUANCAYO%1201,HUAYUCACHI%120121
PERU%00,JUNIN%12,HUANCAYO%1201,INGENIO%120122
PERU%00,JUNIN%12,HUANCAYO%1201,PARIAHUANCA%120124
PERU%00,JUNIN%12,HUANCAYO%1201,PILCOMAYO%120125
PERU%00,JUNIN%12,HUANCAYO%1201,PUCARA%120126
PERU%00,JUNIN%12,HUANCAYO%1201,QUICHUAY%120127
PERU%00,JUNIN%12,HUANCAYO%1201,QUILCAS%120128
PERU%00,JUNIN%12,HUANCAYO%1201,SAN AGUSTIN%120129
PERU%00,JUNIN%12,HUANCAYO%1201,SAN JERONIMO DE TUNAN%120130
PERU%00,JUNIN%12,HUANCAYO%1201,SANTO DOMINGO DE ACOBAMBA%120135
PERU%00,JUNIN%12,HUANCAYO%1201,SAÑO%120132
PERU%00,JUNIN%12,HUANCAYO%1201,SAPALLANGA%120133
PERU%00,JUNIN%12,HUANCAYO%1201,SICAYA%120134
PERU%00,JUNIN%12,HUANCAYO%1201,VIQUES%120136
PERU%00,JUNIN%12,CONCEPCION%1202,CONCEPCION%120201
PERU%00,JUNIN%12,CONCEPCION%1202,ACO%120202
PERU%00,JUNIN%12,CONCEPCION%1202,ANDAMARCA%120203
PERU%00,JUNIN%12,CONCEPCION%1202,COMAS%120206
PERU%00,JUNIN%12,CONCEPCION%1202,COCHAS%120205
PERU%00,JUNIN%12,CONCEPCION%1202,CHAMBARA%120204
PERU%00,JUNIN%12,CONCEPCION%1202,HEROINAS TOLEDO%120207
PERU%00,JUNIN%12,CONCEPCION%1202,MANZANARES%120208
PERU%00,JUNIN%12,CONCEPCION%1202,MARISCAL CASTILLA%120209
PERU%00,JUNIN%12,CONCEPCION%1202,MATAHUASI%120210
PERU%00,JUNIN%12,CONCEPCION%1202,MITO%120211
PERU%00,JUNIN%12,CONCEPCION%1202,NUEVE DE JULIO%120212
PERU%00,JUNIN%12,CONCEPCION%1202,ORCOTUNA%120213
PERU%00,JUNIN%12,CONCEPCION%1202,SANTA ROSA DE OCOPA%120215
PERU%00,JUNIN%12,CONCEPCION%1202,SAN JOSE DE QUERO%120214
PERU%00,JUNIN%12,JAUJA%1204,JAUJA%120401
PERU%00,JUNIN%12,JAUJA%1204,ACOLLA%120402
PERU%00,JUNIN%12,JAUJA%1204,APATA%120403
PERU%00,JUNIN%12,JAUJA%1204,ATAURA%120404
PERU%00,JUNIN%12,JAUJA%1204,CANCHAYLLO%120405
PERU%00,JUNIN%12,JAUJA%1204,EL MANTARO%120407
PERU%00,JUNIN%12,JAUJA%1204,HUAMALI%120408
PERU%00,JUNIN%12,JAUJA%1204,HUARIPAMPA%120409
PERU%00,JUNIN%12,JAUJA%1204,HUERTAS%120410
PERU%00,JUNIN%12,JAUJA%1204,JANJAILLO%120411
PERU%00,JUNIN%12,JAUJA%1204,JULCAN%120412
PERU%00,JUNIN%12,JAUJA%1204,LEONOR ORDOÑEZ%120413
PERU%00,JUNIN%12,JAUJA%1204,LLOCLLAPAMPA%120414
PERU%00,JUNIN%12,JAUJA%1204,MARCO%120415
PERU%00,JUNIN%12,JAUJA%1204,MASMA%120416
PERU%00,JUNIN%12,JAUJA%1204,MOLINOS%120418
PERU%00,JUNIN%12,JAUJA%1204,MONOBAMBA%120419
PERU%00,JUNIN%12,JAUJA%1204,MUQUI%120420
PERU%00,JUNIN%12,JAUJA%1204,MUQUIYAUYO%120421
PERU%00,JUNIN%12,JAUJA%1204,PACA%120422
PERU%00,JUNIN%12,JAUJA%1204,PACCHA%120423
PERU%00,JUNIN%12,JAUJA%1204,PANCAN%120424
PERU%00,JUNIN%12,JAUJA%1204,PARCO%120425
PERU%00,JUNIN%12,JAUJA%1204,POMACANCHA%120426
PERU%00,JUNIN%12,JAUJA%1204,RICRAN%120427
PERU%00,JUNIN%12,JAUJA%1204,SAN LORENZO%120428
PERU%00,JUNIN%12,JAUJA%1204,SAN PEDRO DE CHUNAN%120429
PERU%00,JUNIN%12,JAUJA%1204,SINCOS%120431
PERU%00,JUNIN%12,JAUJA%1204,TUNAN MARCA%120432
PERU%00,JUNIN%12,JAUJA%1204,YAULI%120433
PERU%00,JUNIN%12,JAUJA%1204,CURICACA%120406
PERU%00,JUNIN%12,JAUJA%1204,MASMA CHICCHE%120417
PERU%00,JUNIN%12,JAUJA%1204,SAUSA%120430
PERU%00,JUNIN%12,JAUJA%1204,YAUYOS%120434
PERU%00,JUNIN%12,JUNIN%1205,JUNIN%120501
PERU%00,JUNIN%12,JUNIN%1205,CARHUAMAYO%120502
PERU%00,JUNIN%12,JUNIN%1205,ONDORES%120503
PERU%00,JUNIN%12,JUNIN%1205,ULCUMAYO%120504
PERU%00,JUNIN%12,TARMA%1207,TARMA%120701
PERU%00,JUNIN%12,TARMA%1207,ACOBAMBA%120702
PERU%00,JUNIN%12,TARMA%1207,HUARICOLCA%120703
PERU%00,JUNIN%12,TARMA%1207,HUASAHUASI%120704
PERU%00,JUNIN%12,TARMA%1207,LA UNION%120705
PERU%00,JUNIN%12,TARMA%1207,PALCA%120706
PERU%00,JUNIN%12,TARMA%1207,PALCAMAYO%120707
PERU%00,JUNIN%12,TARMA%1207,SAN PEDRO DE CAJAS%120708
PERU%00,JUNIN%12,TARMA%1207,TAPO%120709
PERU%00,JUNIN%12,YAULI%1208,LA OROYA%120801
PERU%00,JUNIN%12,YAULI%1208,CHACAPALPA%120802
PERU%00,JUNIN%12,YAULI%1208,HUAY-HUAY%120803
PERU%00,JUNIN%12,YAULI%1208,MARCAPOMACOCHA%120804
PERU%00,JUNIN%12,YAULI%1208,MOROCOCHA%120805
PERU%00,JUNIN%12,YAULI%1208,PACCHA%120806
PERU%00,JUNIN%12,YAULI%1208,SANTA BARBARA DE CARHUACAYAN%120807
PERU%00,JUNIN%12,YAULI%1208,SUITUCANCHA%120809
PERU%00,JUNIN%12,YAULI%1208,YAULI%120810
PERU%00,JUNIN%12,YAULI%1208,SANTA ROSA DE SACCO%120808
PERU%00,JUNIN%12,SATIPO%1206,SATIPO%120601
PERU%00,JUNIN%12,SATIPO%1206,COVIRIALI%120602
PERU%00,JUNIN%12,SATIPO%1206,LLAYLLA%120603
PERU%00,JUNIN%12,SATIPO%1206,MAZAMARI%120604
PERU%00,JUNIN%12,SATIPO%1206,PAMPA HERMOSA%120605
PERU%00,JUNIN%12,SATIPO%1206,PANGOA%120606
PERU%00,JUNIN%12,SATIPO%1206,RIO NEGRO%120607
PERU%00,JUNIN%12,SATIPO%1206,RIO TAMBO%120608
PERU%00,JUNIN%12,SATIPO%1206,VIZCATAN DEL ENE%120609
PERU%00,JUNIN%12,CHANCHAMAYO%1203,CHANCHAMAYO%120301
PERU%00,JUNIN%12,CHANCHAMAYO%1203,SAN RAMON%120305
PERU%00,JUNIN%12,CHANCHAMAYO%1203,VITOC%120306
PERU%00,JUNIN%12,CHANCHAMAYO%1203,SAN LUIS DE SHUARO%120304
PERU%00,JUNIN%12,CHANCHAMAYO%1203,PICHANAKI%120303
PERU%00,JUNIN%12,CHANCHAMAYO%1203,PERENE%120302
PERU%00,JUNIN%12,CHUPACA%1209,CHUPACA%120901
PERU%00,JUNIN%12,CHUPACA%1209,AHUAC%120902
PERU%00,JUNIN%12,CHUPACA%1209,CHONGOS BAJO%120903
PERU%00,JUNIN%12,CHUPACA%1209,HUACHAC%120904
PERU%00,JUNIN%12,CHUPACA%1209,HUAMANCACA CHICO%120905
PERU%00,JUNIN%12,CHUPACA%1209,SAN JUAN DE ISCOS%120906
PERU%00,JUNIN%12,CHUPACA%1209,SAN JUAN DE JARPA%120907
PERU%00,JUNIN%12,CHUPACA%1209,TRES DE DICIEMBRE%120908
PERU%00,JUNIN%12,CHUPACA%1209,YANACANCHA%120909
PERU%00,LA LIBERTAD%13,TRUJILLO%1301,TRUJILLO%130101
PERU%00,LA LIBERTAD%13,TRUJILLO%1301,HUANCHACO%130104
PERU%00,LA LIBERTAD%13,TRUJILLO%1301,LAREDO%130106
PERU%00,LA LIBERTAD%13,TRUJILLO%1301,MOCHE%130107
PERU%00,LA LIBERTAD%13,TRUJILLO%1301,SALAVERRY%130109
PERU%00,LA LIBERTAD%13,TRUJILLO%1301,SIMBAL%130110
PERU%00,LA LIBERTAD%13,TRUJILLO%1301,VICTOR LARCO HERRERA%130111
PERU%00,LA LIBERTAD%13,TRUJILLO%1301,POROTO%130108
PERU%00,LA LIBERTAD%13,TRUJILLO%1301,EL PORVENIR%130102
PERU%00,LA LIBERTAD%13,TRUJILLO%1301,LA ESPERANZA%130105
PERU%00,LA LIBERTAD%13,TRUJILLO%1301,FLORENCIA DE MORA%130103
PERU%00,LA LIBERTAD%13,BOLIVAR%1303,BOLIVAR%130301
PERU%00,LA LIBERTAD%13,BOLIVAR%1303,BAMBAMARCA%130302
PERU%00,LA LIBERTAD%13,BOLIVAR%1303,CONDORMARCA%130303
PERU%00,LA LIBERTAD%13,BOLIVAR%1303,LONGOTEA%130304
PERU%00,LA LIBERTAD%13,BOLIVAR%1303,UCUNCHA%130306
PERU%00,LA LIBERTAD%13,BOLIVAR%1303,UCHUMARCA%130305
PERU%00,LA LIBERTAD%13,SANCHEZ CARRION%1309,HUAMACHUCO%130901
PERU%00,LA LIBERTAD%13,SANCHEZ CARRION%1309,COCHORCO%130903
PERU%00,LA LIBERTAD%13,SANCHEZ CARRION%1309,CURGOS%130904
PERU%00,LA LIBERTAD%13,SANCHEZ CARRION%1309,CHUGAY%130902
PERU%00,LA LIBERTAD%13,SANCHEZ CARRION%1309,MARCABAL%130905
PERU%00,LA LIBERTAD%13,SANCHEZ CARRION%1309,SANAGORAN%130906
PERU%00,LA LIBERTAD%13,SANCHEZ CARRION%1309,SARIN%130907
PERU%00,LA LIBERTAD%13,SANCHEZ CARRION%1309,SARTIMBAMBA%130908
PERU%00,LA LIBERTAD%13,OTUZCO%1306,OTUZCO%130601
PERU%00,LA LIBERTAD%13,OTUZCO%1306,AGALLPAMPA%130602
PERU%00,LA LIBERTAD%13,OTUZCO%1306,CHARAT%130604
PERU%00,LA LIBERTAD%13,OTUZCO%1306,HUARANCHAL%130605
PERU%00,LA LIBERTAD%13,OTUZCO%1306,LA CUESTA%130606
PERU%00,LA LIBERTAD%13,OTUZCO%1306,PARANDAY%130610
PERU%00,LA LIBERTAD%13,OTUZCO%1306,SALPO%130611
PERU%00,LA LIBERTAD%13,OTUZCO%1306,SINSICAP%130613
PERU%00,LA LIBERTAD%13,OTUZCO%1306,USQUIL%130614
PERU%00,LA LIBERTAD%13,OTUZCO%1306,MACHE%130608
PERU%00,LA LIBERTAD%13,PACASMAYO%1307,SAN PEDRO DE LLOC%130701
PERU%00,LA LIBERTAD%13,PACASMAYO%1307,GUADALUPE%130702
PERU%00,LA LIBERTAD%13,PACASMAYO%1307,JEQUETEPEQUE%130703
PERU%00,LA LIBERTAD%13,PACASMAYO%1307,PACASMAYO%130704
PERU%00,LA LIBERTAD%13,PACASMAYO%1307,SAN JOSE%130705
PERU%00,LA LIBERTAD%13,PATAZ%1308,TAYABAMBA%130801
PERU%00,LA LIBERTAD%13,PATAZ%1308,BULDIBUYO%130802
PERU%00,LA LIBERTAD%13,PATAZ%1308,CHILLIA%130803
PERU%00,LA LIBERTAD%13,PATAZ%1308,HUAYLILLAS%130805
PERU%00,LA LIBERTAD%13,PATAZ%1308,HUANCASPATA%130804
PERU%00,LA LIBERTAD%13,PATAZ%1308,HUAYO%130806
PERU%00,LA LIBERTAD%13,PATAZ%1308,ONGON%130807
PERU%00,LA LIBERTAD%13,PATAZ%1308,PARCOY%130808
PERU%00,LA LIBERTAD%13,PATAZ%1308,PATAZ%130809
PERU%00,LA LIBERTAD%13,PATAZ%1308,PIAS%130810
PERU%00,LA LIBERTAD%13,PATAZ%1308,TAURIJA%130812
PERU%00,LA LIBERTAD%13,PATAZ%1308,URPAY%130813
PERU%00,LA LIBERTAD%13,PATAZ%1308,SANTIAGO DE CHALLAS%130811
PERU%00,LA LIBERTAD%13,SANTIAGO DE CHUCO%1310,SANTIAGO DE CHUCO%131001
PERU%00,LA LIBERTAD%13,SANTIAGO DE CHUCO%1310,CACHICADAN%131003
PERU%00,LA LIBERTAD%13,SANTIAGO DE CHUCO%1310,MOLLEBAMBA%131004
PERU%00,LA LIBERTAD%13,SANTIAGO DE CHUCO%1310,MOLLEPATA%131005
PERU%00,LA LIBERTAD%13,SANTIAGO DE CHUCO%1310,QUIRUVILCA%131006
PERU%00,LA LIBERTAD%13,SANTIAGO DE CHUCO%1310,SANTA CRUZ DE CHUCA%131007
PERU%00,LA LIBERTAD%13,SANTIAGO DE CHUCO%1310,SITABAMBA%131008
PERU%00,LA LIBERTAD%13,SANTIAGO DE CHUCO%1310,ANGASMARCA%131002
PERU%00,LA LIBERTAD%13,ASCOPE%1302,ASCOPE%130201
PERU%00,LA LIBERTAD%13,ASCOPE%1302,CHICAMA%130202
PERU%00,LA LIBERTAD%13,ASCOPE%1302,CHOCOPE%130203
PERU%00,LA LIBERTAD%13,ASCOPE%1302,SANTIAGO DE CAO%130207
PERU%00,LA LIBERTAD%13,ASCOPE%1302,MAGDALENA DE CAO%130204
PERU%00,LA LIBERTAD%13,ASCOPE%1302,PAIJAN%130205
PERU%00,LA LIBERTAD%13,ASCOPE%1302,RAZURI%130206
PERU%00,LA LIBERTAD%13,ASCOPE%1302,CASA GRANDE%130208
PERU%00,LA LIBERTAD%13,CHEPEN%1304,CHEPEN%130401
PERU%00,LA LIBERTAD%13,CHEPEN%1304,PACANGA%130402
PERU%00,LA LIBERTAD%13,CHEPEN%1304,PUEBLO NUEVO%130403
PERU%00,LA LIBERTAD%13,JULCAN%1305,JULCAN%130501
PERU%00,LA LIBERTAD%13,JULCAN%1305,CARABAMBA%130503
PERU%00,LA LIBERTAD%13,JULCAN%1305,CALAMARCA%130502
PERU%00,LA LIBERTAD%13,JULCAN%1305,HUASO%130504
PERU%00,LA LIBERTAD%13,GRAN CHIMU%1311,CASCAS%131101
PERU%00,LA LIBERTAD%13,GRAN CHIMU%1311,LUCMA%131102
PERU%00,LA LIBERTAD%13,GRAN CHIMU%1311,MARMOT%131103
PERU%00,LA LIBERTAD%13,GRAN CHIMU%1311,SAYAPULLO%131104
PERU%00,LA LIBERTAD%13,VIRU%1312,VIRU%131201
PERU%00,LA LIBERTAD%13,VIRU%1312,CHAO%131202
PERU%00,LA LIBERTAD%13,VIRU%1312,GUADALUPITO%131203
PERU%00,LAMBAYEQUE%14,CHICLAYO%1401,CHICLAYO%140101
PERU%00,LAMBAYEQUE%14,CHICLAYO%1401,CHONGOYAPE%140102
PERU%00,LAMBAYEQUE%14,CHICLAYO%1401,ETEN%140103
PERU%00,LAMBAYEQUE%14,CHICLAYO%1401,ETEN PUERTO%140104
PERU%00,LAMBAYEQUE%14,CHICLAYO%1401,LAGUNAS%140107
PERU%00,LAMBAYEQUE%14,CHICLAYO%1401,MONSEFU%140108
PERU%00,LAMBAYEQUE%14,CHICLAYO%1401,NUEVA ARICA%140109
PERU%00,LAMBAYEQUE%14,CHICLAYO%1401,OYOTUN%140110
PERU%00,LAMBAYEQUE%14,CHICLAYO%1401,PICSI%140111
PERU%00,LAMBAYEQUE%14,CHICLAYO%1401,PIMENTEL%140112
PERU%00,LAMBAYEQUE%14,CHICLAYO%1401,REQUE%140113
PERU%00,LAMBAYEQUE%14,CHICLAYO%1401,JOSE LEONARDO ORTIZ%140105
PERU%00,LAMBAYEQUE%14,CHICLAYO%1401,SANTA ROSA%140114
PERU%00,LAMBAYEQUE%14,CHICLAYO%1401,SAÑA%140115
PERU%00,LAMBAYEQUE%14,CHICLAYO%1401,LA VICTORIA%140106
PERU%00,LAMBAYEQUE%14,CHICLAYO%1401,CAYALTI%140116
PERU%00,LAMBAYEQUE%14,CHICLAYO%1401,PATAPO%140117
PERU%00,LAMBAYEQUE%14,CHICLAYO%1401,POMALCA%140118
PERU%00,LAMBAYEQUE%14,CHICLAYO%1401,PUCALA%140119
PERU%00,LAMBAYEQUE%14,CHICLAYO%1401,TUMAN%140120
PERU%00,LAMBAYEQUE%14,FERREÑAFE%1402,FERREÑAFE%140201
PERU%00,LAMBAYEQUE%14,FERREÑAFE%1402,INCAHUASI%140203
PERU%00,LAMBAYEQUE%14,FERREÑAFE%1402,CAÑARIS%140202
PERU%00,LAMBAYEQUE%14,FERREÑAFE%1402,PITIPO%140205
PERU%00,LAMBAYEQUE%14,FERREÑAFE%1402,PUEBLO NUEVO%140206
PERU%00,LAMBAYEQUE%14,FERREÑAFE%1402,MANUEL ANTONIO MESONES MURO%140204
PERU%00,LAMBAYEQUE%14,LAMBAYEQUE%1403,LAMBAYEQUE%140301
PERU%00,LAMBAYEQUE%14,LAMBAYEQUE%1403,CHOCHOPE%140302
PERU%00,LAMBAYEQUE%14,LAMBAYEQUE%1403,ILLIMO%140303
PERU%00,LAMBAYEQUE%14,LAMBAYEQUE%1403,JAYANCA%140304
PERU%00,LAMBAYEQUE%14,LAMBAYEQUE%1403,MOCHUMI%140305
PERU%00,LAMBAYEQUE%14,LAMBAYEQUE%1403,MORROPE%140306
PERU%00,LAMBAYEQUE%14,LAMBAYEQUE%1403,MOTUPE%140307
PERU%00,LAMBAYEQUE%14,LAMBAYEQUE%1403,OLMOS%140308
PERU%00,LAMBAYEQUE%14,LAMBAYEQUE%1403,PACORA%140309
PERU%00,LAMBAYEQUE%14,LAMBAYEQUE%1403,SALAS%140310
PERU%00,LAMBAYEQUE%14,LAMBAYEQUE%1403,SAN JOSE%140311
PERU%00,LAMBAYEQUE%14,LAMBAYEQUE%1403,TUCUME%140312
PERU%00,LIMA%15,LIMA%1501,LIMA%150101
PERU%00,LIMA%15,LIMA%1501,ANCON%150102
PERU%00,LIMA%15,LIMA%1501,ATE%150103
PERU%00,LIMA%15,LIMA%1501,BREÑA%150105
PERU%00,LIMA%15,LIMA%1501,CARABAYLLO%150106
PERU%00,LIMA%15,LIMA%1501,COMAS%150110
PERU%00,LIMA%15,LIMA%1501,CHACLACAYO%150107
PERU%00,LIMA%15,LIMA%1501,CHORRILLOS%150108
PERU%00,LIMA%15,LIMA%1501,LA VICTORIA%150115
PERU%00,LIMA%15,LIMA%1501,LA MOLINA%150114
PERU%00,LIMA%15,LIMA%1501,LINCE%150116
PERU%00,LIMA%15,LIMA%1501,LURIGANCHO (CHOSICA)%150118
PERU%00,LIMA%15,LIMA%1501,LURIN%150119
PERU%00,LIMA%15,LIMA%1501,MAGDALENA DEL MAR%150120
PERU%00,LIMA%15,LIMA%1501,MIRAFLORES%150122
PERU%00,LIMA%15,LIMA%1501,PACHACAMAC%150123
PERU%00,LIMA%15,LIMA%1501,MAGDALENA VIEJA (PUEBLO LIBRE)%150121
PERU%00,LIMA%15,LIMA%1501,PUCUSANA%150124
PERU%00,LIMA%15,LIMA%1501,PUENTE PIEDRA%150125
PERU%00,LIMA%15,LIMA%1501,PUNTA HERMOSA%150126
PERU%00,LIMA%15,LIMA%1501,PUNTA NEGRA%150127
PERU%00,LIMA%15,LIMA%1501,RIMAC%150128
PERU%00,LIMA%15,LIMA%1501,SAN BARTOLO%150129
PERU%00,LIMA%15,LIMA%1501,SAN ISIDRO%150131
PERU%00,LIMA%15,LIMA%1501,BARRANCO%150104
PERU%00,LIMA%15,LIMA%1501,SAN MARTIN DE PORRES%150135
PERU%00,LIMA%15,LIMA%1501,SAN MIGUEL%150136
PERU%00,LIMA%15,LIMA%1501,SANTA MARIA DEL MAR%150138
PERU%00,LIMA%15,LIMA%1501,SANTA ROSA%150139
PERU%00,LIMA%15,LIMA%1501,SANTIAGO DE SURCO%150140
PERU%00,LIMA%15,LIMA%1501,SURQUILLO%150141
PERU%00,LIMA%15,LIMA%1501,VILLA MARIA DEL TRIUNFO%150143
PERU%00,LIMA%15,LIMA%1501,JESUS MARIA%150113
PERU%00,LIMA%15,LIMA%1501,INDEPENDENCIA%150112
PERU%00,LIMA%15,LIMA%1501,EL AGUSTINO%150111
PERU%00,LIMA%15,LIMA%1501,SAN JUAN DE MIRAFLORES%150133
PERU%00,LIMA%15,LIMA%1501,SAN JUAN DE LURIGANCHO%150132
PERU%00,LIMA%15,LIMA%1501,SAN LUIS%150134
PERU%00,LIMA%15,LIMA%1501,CIENEGUILLA%150109
PERU%00,LIMA%15,LIMA%1501,SAN BORJA%150130
PERU%00,LIMA%15,LIMA%1501,VILLA EL SALVADOR%150142
PERU%00,LIMA%15,LIMA%1501,LOS OLIVOS%150117
PERU%00,LIMA%15,LIMA%1501,SANTA ANITA%150137
PERU%00,LIMA%15,CAJATAMBO%1503,CAJATAMBO%150301
PERU%00,LIMA%15,CAJATAMBO%1503,COPA%150302
PERU%00,LIMA%15,CAJATAMBO%1503,GORGOR%150303
PERU%00,LIMA%15,CAJATAMBO%1503,HUANCAPON%150304
PERU%00,LIMA%15,CAJATAMBO%1503,MANAS%150305
PERU%00,LIMA%15,CANTA%1504,CANTA%150401
PERU%00,LIMA%15,CANTA%1504,ARAHUAY%150402
PERU%00,LIMA%15,CANTA%1504,HUAMANTANGA%150403
PERU%00,LIMA%15,CANTA%1504,HUAROS%150404
PERU%00,LIMA%15,CANTA%1504,LACHAQUI%150405
PERU%00,LIMA%15,CANTA%1504,SAN BUENAVENTURA%150406
PERU%00,LIMA%15,CANTA%1504,SANTA ROSA DE QUIVES%150407
PERU%00,LIMA%15,CAÑETE%1505,SAN VICENTE DE CAÑETE%150501
PERU%00,LIMA%15,CAÑETE%1505,CALANGO%150503
PERU%00,LIMA%15,CAÑETE%1505,CERRO AZUL%150504
PERU%00,LIMA%15,CAÑETE%1505,COAYLLO%150506
PERU%00,LIMA%15,CAÑETE%1505,CHILCA%150505
PERU%00,LIMA%15,CAÑETE%1505,IMPERIAL%150507
PERU%00,LIMA%15,CAÑETE%1505,LUNAHUANA%150508
PERU%00,LIMA%15,CAÑETE%1505,MALA%150509
PERU%00,LIMA%15,CAÑETE%1505,NUEVO IMPERIAL%150510
PERU%00,LIMA%15,CAÑETE%1505,PACARAN%150511
PERU%00,LIMA%15,CAÑETE%1505,QUILMANA%150512
PERU%00,LIMA%15,CAÑETE%1505,SAN ANTONIO%150513
PERU%00,LIMA%15,CAÑETE%1505,SAN LUIS%150514
PERU%00,LIMA%15,CAÑETE%1505,SANTA CRUZ DE FLORES%150515
PERU%00,LIMA%15,CAÑETE%1505,ZUÑIGA%150516
PERU%00,LIMA%15,CAÑETE%1505,ASIA%150502
PERU%00,LIMA%15,HUAURA%1508,HUACHO%150801
PERU%00,LIMA%15,HUAURA%1508,AMBAR%150802
PERU%00,LIMA%15,HUAURA%1508,CALETA DE CARQUIN%150803
PERU%00,LIMA%15,HUAURA%1508,CHECRAS%150804
PERU%00,LIMA%15,HUAURA%1508,HUALMAY%150805
PERU%00,LIMA%15,HUAURA%1508,HUAURA%150806
PERU%00,LIMA%15,HUAURA%1508,LEONCIO PRADO%150807
PERU%00,LIMA%15,HUAURA%1508,PACCHO%150808
PERU%00,LIMA%15,HUAURA%1508,SANTA LEONOR%150809
PERU%00,LIMA%15,HUAURA%1508,SANTA MARIA%150810
PERU%00,LIMA%15,HUAURA%1508,SAYAN%150811
PERU%00,LIMA%15,HUAURA%1508,VEGUETA%150812
PERU%00,LIMA%15,HUAROCHIRI%1507,MATUCANA%150701
PERU%00,LIMA%15,HUAROCHIRI%1507,ANTIOQUIA%150702
PERU%00,LIMA%15,HUAROCHIRI%1507,CALLAHUANCA%150703
PERU%00,LIMA%15,HUAROCHIRI%1507,CARAMPOMA%150704
PERU%00,LIMA%15,HUAROCHIRI%1507,SAN PEDRO DE CASTA%150724
PERU%00,LIMA%15,HUAROCHIRI%1507,CUENCA%150706
PERU%00,LIMA%15,HUAROCHIRI%1507,CHICLA%150705
PERU%00,LIMA%15,HUAROCHIRI%1507,HUANZA%150708
PERU%00,LIMA%15,HUAROCHIRI%1507,HUAROCHIRI%150709
PERU%00,LIMA%15,HUAROCHIRI%1507,LAHUAYTAMBO%150710
PERU%00,LIMA%15,HUAROCHIRI%1507,LANGA%150711
PERU%00,LIMA%15,HUAROCHIRI%1507,MARIATANA%150713
PERU%00,LIMA%15,HUAROCHIRI%1507,RICARDO PALMA%150714
PERU%00,LIMA%15,HUAROCHIRI%1507,SAN ANDRES DE TUPICOCHA%150715
PERU%00,LIMA%15,HUAROCHIRI%1507,SAN ANTONIO%150716
PERU%00,LIMA%15,HUAROCHIRI%1507,SAN BARTOLOME%150717
PERU%00,LIMA%15,HUAROCHIRI%1507,SAN DAMIAN%150718
PERU%00,LIMA%15,HUAROCHIRI%1507,SANGALLAYA%150726
PERU%00,LIMA%15,HUAROCHIRI%1507,SAN JUAN DE TANTARANCHE%150720
PERU%00,LIMA%15,HUAROCHIRI%1507,SAN LORENZO DE QUINTI%150721
PERU%00,LIMA%15,HUAROCHIRI%1507,SAN MATEO%150722
PERU%00,LIMA%15,HUAROCHIRI%1507,SAN MATEO DE OTAO%150723
PERU%00,LIMA%15,HUAROCHIRI%1507,SAN PEDRO DE HUANCAYRE%150725
PERU%00,LIMA%15,HUAROCHIRI%1507,SANTA CRUZ DE COCACHACRA%150727
PERU%00,LIMA%15,HUAROCHIRI%1507,SANTA EULALIA%150728
PERU%00,LIMA%15,HUAROCHIRI%1507,SANTIAGO DE ANCHUCAYA%150729
PERU%00,LIMA%15,HUAROCHIRI%1507,SANTIAGO DE TUNA%150730
PERU%00,LIMA%15,HUAROCHIRI%1507,SANTO DOMINGO DE LOS OLLEROS%150731
PERU%00,LIMA%15,HUAROCHIRI%1507,SURCO%150732
PERU%00,LIMA%15,HUAROCHIRI%1507,HUACHUPAMPA%150707
PERU%00,LIMA%15,HUAROCHIRI%1507,LARAOS%150712
PERU%00,LIMA%15,HUAROCHIRI%1507,SAN JUAN DE IRIS%150719
PERU%00,LIMA%15,YAUYOS%1510,YAUYOS%151001
PERU%00,LIMA%15,YAUYOS%1510,ALIS%151002
PERU%00,LIMA%15,YAUYOS%1510,AYAUCA%151003
PERU%00,LIMA%15,YAUYOS%1510,AYAVIRI%151004
PERU%00,LIMA%15,YAUYOS%1510,AZANGARO%151005
PERU%00,LIMA%15,YAUYOS%1510,CACRA%151006
PERU%00,LIMA%15,YAUYOS%1510,CARANIA%151007
PERU%00,LIMA%15,YAUYOS%1510,COCHAS%151010
PERU%00,LIMA%15,YAUYOS%1510,COLONIA%151011
PERU%00,LIMA%15,YAUYOS%1510,CHOCOS%151009
PERU%00,LIMA%15,YAUYOS%1510,HUAMPARA%151013
PERU%00,LIMA%15,YAUYOS%1510,HUANCAYA%151014
PERU%00,LIMA%15,YAUYOS%1510,HUANGASCAR%151015
PERU%00,LIMA%15,YAUYOS%1510,HUANTAN%151016
PERU%00,LIMA%15,YAUYOS%1510,HUAÑEC%151017
PERU%00,LIMA%15,YAUYOS%1510,LARAOS%151018
PERU%00,LIMA%15,YAUYOS%1510,LINCHA%151019
PERU%00,LIMA%15,YAUYOS%1510,MIRAFLORES%151021
PERU%00,LIMA%15,YAUYOS%1510,OMAS%151022
PERU%00,LIMA%15,YAUYOS%1510,QUINCHES%151024
PERU%00,LIMA%15,YAUYOS%1510,QUINOCAY%151025
PERU%00,LIMA%15,YAUYOS%1510,SAN JOAQUIN%151026
PERU%00,LIMA%15,YAUYOS%1510,SAN PEDRO DE PILAS%151027
PERU%00,LIMA%15,YAUYOS%1510,TANTA%151028
PERU%00,LIMA%15,YAUYOS%1510,TAURIPAMPA%151029
PERU%00,LIMA%15,YAUYOS%1510,TUPE%151031
PERU%00,LIMA%15,YAUYOS%1510,TOMAS%151030
PERU%00,LIMA%15,YAUYOS%1510,VIÑAC%151032
PERU%00,LIMA%15,YAUYOS%1510,VITIS%151033
PERU%00,LIMA%15,YAUYOS%1510,HONGOS%151012
PERU%00,LIMA%15,YAUYOS%1510,MADEAN%151020
PERU%00,LIMA%15,YAUYOS%1510,PUTINZA%151023
PERU%00,LIMA%15,YAUYOS%1510,CATAHUASI%151008
PERU%00,LIMA%15,HUARAL%1506,HUARAL%150601
PERU%00,LIMA%15,HUARAL%1506,ATAVILLOS ALTO%150602
PERU%00,LIMA%15,HUARAL%1506,ATAVILLOS BAJO%150603
PERU%00,LIMA%15,HUARAL%1506,AUCALLAMA%150604
PERU%00,LIMA%15,HUARAL%1506,CHANCAY%150605
PERU%00,LIMA%15,HUARAL%1506,IHUARI%150606
PERU%00,LIMA%15,HUARAL%1506,LAMPIAN%150607
PERU%00,LIMA%15,HUARAL%1506,PACARAOS%150608
PERU%00,LIMA%15,HUARAL%1506,SAN MIGUEL DE ACOS%150609
PERU%00,LIMA%15,HUARAL%1506,VEINTISIETE DE NOVIEMBRE%150612
PERU%00,LIMA%15,HUARAL%1506,SANTA CRUZ DE ANDAMARCA%150610
PERU%00,LIMA%15,HUARAL%1506,SUMBILCA%150611
PERU%00,LIMA%15,BARRANCA%1502,BARRANCA%150201
PERU%00,LIMA%15,BARRANCA%1502,PARAMONGA%150202
PERU%00,LIMA%15,BARRANCA%1502,PATIVILCA%150203
PERU%00,LIMA%15,BARRANCA%1502,SUPE%150204
PERU%00,LIMA%15,BARRANCA%1502,SUPE PUERTO%150205
PERU%00,LIMA%15,OYON%1509,OYON%150901
PERU%00,LIMA%15,OYON%1509,NAVAN%150905
PERU%00,LIMA%15,OYON%1509,CAUJUL%150903
PERU%00,LIMA%15,OYON%1509,ANDAJES%150902
PERU%00,LIMA%15,OYON%1509,PACHANGARA%150906
PERU%00,LIMA%15,OYON%1509,COCHAMARCA%150904
PERU%00,LORETO%16,MAYNAS%1601,IQUITOS%160101
PERU%00,LORETO%16,MAYNAS%1601,ALTO NANAY%160102
PERU%00,LORETO%16,MAYNAS%1601,FERNANDO LORES%160103
PERU%00,LORETO%16,MAYNAS%1601,LAS AMAZONAS%160105
PERU%00,LORETO%16,MAYNAS%1601,MAZAN%160106
PERU%00,LORETO%16,MAYNAS%1601,NAPO%160107
PERU%00,LORETO%16,MAYNAS%1601,PUTUMAYO%160109
PERU%00,LORETO%16,MAYNAS%1601,TORRES CAUSANA%160110
PERU%00,LORETO%16,MAYNAS%1601,INDIANA%160104
PERU%00,LORETO%16,MAYNAS%1601,PUNCHANA%160108
PERU%00,LORETO%16,MAYNAS%1601,BELEN%160112
PERU%00,LORETO%16,MAYNAS%1601,SAN JUAN BAUTISTA%160113
PERU%00,LORETO%16,MAYNAS%1601,TENIENTE MANUEL CLAVERO%160114
PERU%00,LORETO%16,ALTO AMAZONAS%1602,YURIMAGUAS%160201
PERU%00,LORETO%16,ALTO AMAZONAS%1602,BALSAPUERTO%160202
PERU%00,LORETO%16,ALTO AMAZONAS%1602,JEBEROS%160205
PERU%00,LORETO%16,ALTO AMAZONAS%1602,LAGUNAS%160206
PERU%00,LORETO%16,ALTO AMAZONAS%1602,SANTA CRUZ%160210
PERU%00,LORETO%16,ALTO AMAZONAS%1602,TENIENTE CESAR LOPEZ ROJAS%160211
PERU%00,LORETO%16,LORETO%1603,NAUTA%160301
PERU%00,LORETO%16,LORETO%1603,PARINARI%160302
PERU%00,LORETO%16,LORETO%1603,TIGRE%160303
PERU%00,LORETO%16,LORETO%1603,URARINAS%160305
PERU%00,LORETO%16,LORETO%1603,TROMPETEROS%160304
PERU%00,LORETO%16,REQUENA%1605,REQUENA%160501
PERU%00,LORETO%16,REQUENA%1605,ALTO TAPICHE%160502
PERU%00,LORETO%16,REQUENA%1605,CAPELO%160503
PERU%00,LORETO%16,REQUENA%1605,EMILIO SAN MARTIN%160504
PERU%00,LORETO%16,REQUENA%1605,MAQUIA%160505
PERU%00,LORETO%16,REQUENA%1605,PUINAHUA%160506
PERU%00,LORETO%16,REQUENA%1605,SAQUENA%160507
PERU%00,LORETO%16,REQUENA%1605,SOPLIN%160508
PERU%00,LORETO%16,REQUENA%1605,TAPICHE%160509
PERU%00,LORETO%16,REQUENA%1605,JENARO HERRERA%160510
PERU%00,LORETO%16,REQUENA%1605,YAQUERANA%160511
PERU%00,LORETO%16,UCAYALI%1606,CONTAMANA%160601
PERU%00,LORETO%16,UCAYALI%1606,VARGAS GUERRA%160606
PERU%00,LORETO%16,UCAYALI%1606,PADRE MARQUEZ%160603
PERU%00,LORETO%16,UCAYALI%1606,PAMPA HERMOSA%160604
PERU%00,LORETO%16,UCAYALI%1606,SARAYACU%160605
PERU%00,LORETO%16,UCAYALI%1606,INAHUAYA%160602
PERU%00,LORETO%16,MARISCAL RAMON CASTILLA%1604,RAMON CASTILLA%160401
PERU%00,LORETO%16,MARISCAL RAMON CASTILLA%1604,PEBAS%160402
PERU%00,LORETO%16,MARISCAL RAMON CASTILLA%1604,YAVARI%160403
PERU%00,LORETO%16,MARISCAL RAMON CASTILLA%1604,SAN PABLO%160404
PERU%00,LORETO%16,DATEM DEL MARAÑON%1607,BARRANCA%160701
PERU%00,LORETO%16,DATEM DEL MARAÑON%1607,ANDOAS%160706
PERU%00,LORETO%16,DATEM DEL MARAÑON%1607,CAHUAPANAS%160702
PERU%00,LORETO%16,DATEM DEL MARAÑON%1607,MANSERICHE%160703
PERU%00,LORETO%16,DATEM DEL MARAÑON%1607,MORONA%160704
PERU%00,LORETO%16,DATEM DEL MARAÑON%1607,PASTAZA%160705
PERU%00,LORETO%16,PUTUMAYO%1608,PUTUMAYO%160801
PERU%00,LORETO%16,PUTUMAYO%1608,ROSA PANDURO%160802
PERU%00,LORETO%16,PUTUMAYO%1608,TENIENTE MANUEL CLAVERO%160803
PERU%00,LORETO%16,PUTUMAYO%1608,YAGUAS%160804
PERU%00,MADRE DE DIOS%17,TAMBOPATA%1701,TAMBOPATA%170101
PERU%00,MADRE DE DIOS%17,TAMBOPATA%1701,INAMBARI%170102
PERU%00,MADRE DE DIOS%17,TAMBOPATA%1701,LAS PIEDRAS%170103
PERU%00,MADRE DE DIOS%17,TAMBOPATA%1701,LABERINTO%170104
PERU%00,MADRE DE DIOS%17,MANU%1702,MANU%170201
PERU%00,MADRE DE DIOS%17,MANU%1702,FITZCARRALD%170202
PERU%00,MADRE DE DIOS%17,MANU%1702,MADRE DE DIOS%170203
PERU%00,MADRE DE DIOS%17,MANU%1702,HUEPETUHE%170204
PERU%00,MADRE DE DIOS%17,TAHUAMANU%1703,IÑAPARI%170301
PERU%00,MADRE DE DIOS%17,TAHUAMANU%1703,IBERIA%170302
PERU%00,MADRE DE DIOS%17,TAHUAMANU%1703,TAHUAMANU%170303
PERU%00,MOQUEGUA%18,MARISCAL NIETO%1801,MOQUEGUA%180101
PERU%00,MOQUEGUA%18,MARISCAL NIETO%1801,CARUMAS%180102
PERU%00,MOQUEGUA%18,MARISCAL NIETO%1801,CUCHUMBAYA%180103
PERU%00,MOQUEGUA%18,MARISCAL NIETO%1801,SAN CRISTOBAL%180105
PERU%00,MOQUEGUA%18,MARISCAL NIETO%1801,TORATA%180106
PERU%00,MOQUEGUA%18,MARISCAL NIETO%1801,SAMEGUA%180104
PERU%00,MOQUEGUA%18,MARISCAL NIETO%1801,SAN ANTONIO%180107
PERU%00,MOQUEGUA%18,GENERAL SANCHEZ CERRO%1802,OMATE%180201
PERU%00,MOQUEGUA%18,GENERAL SANCHEZ CERRO%1802,COALAQUE%180203
PERU%00,MOQUEGUA%18,GENERAL SANCHEZ CERRO%1802,CHOJATA%180202
PERU%00,MOQUEGUA%18,GENERAL SANCHEZ CERRO%1802,ICHUÑA%180204
PERU%00,MOQUEGUA%18,GENERAL SANCHEZ CERRO%1802,LA CAPILLA%180205
PERU%00,MOQUEGUA%18,GENERAL SANCHEZ CERRO%1802,LLOQUE%180206
PERU%00,MOQUEGUA%18,GENERAL SANCHEZ CERRO%1802,MATALAQUE%180207
PERU%00,MOQUEGUA%18,GENERAL SANCHEZ CERRO%1802,PUQUINA%180208
PERU%00,MOQUEGUA%18,GENERAL SANCHEZ CERRO%1802,QUINISTAQUILLAS%180209
PERU%00,MOQUEGUA%18,GENERAL SANCHEZ CERRO%1802,UBINAS%180210
PERU%00,MOQUEGUA%18,GENERAL SANCHEZ CERRO%1802,YUNGA%180211
PERU%00,MOQUEGUA%18,ILO%1803,ILO%180301
PERU%00,MOQUEGUA%18,ILO%1803,EL ALGARROBAL%180302
PERU%00,MOQUEGUA%18,ILO%1803,PACOCHA%180303
PERU%00,PASCO%19,PASCO%1901,CHAUPIMARCA%190101
PERU%00,PASCO%19,PASCO%1901,HUACHON%190102
PERU%00,PASCO%19,PASCO%1901,HUARIACA%190103
PERU%00,PASCO%19,PASCO%1901,HUAYLLAY%190104
PERU%00,PASCO%19,PASCO%1901,NINACACA%190105
PERU%00,PASCO%19,PASCO%1901,PALLANCHACRA%190106
PERU%00,PASCO%19,PASCO%1901,PAUCARTAMBO%190107
PERU%00,PASCO%19,PASCO%1901,SAN FRANCISCO DE ASIS DE YARUSYACAN%190108
PERU%00,PASCO%19,PASCO%1901,SIMON BOLIVAR%190109
PERU%00,PASCO%19,PASCO%1901,TICLACAYAN%190110
PERU%00,PASCO%19,PASCO%1901,TINYAHUARCO%190111
PERU%00,PASCO%19,PASCO%1901,VICCO%190112
PERU%00,PASCO%19,PASCO%1901,YANACANCHA%190113
PERU%00,PASCO%19,DANIEL ALCIDES CARRION%1902,YANAHUANCA%190201
PERU%00,PASCO%19,DANIEL ALCIDES CARRION%1902,CHACAYAN%190202
PERU%00,PASCO%19,DANIEL ALCIDES CARRION%1902,GOYLLARISQUIZGA%190203
PERU%00,PASCO%19,DANIEL ALCIDES CARRION%1902,PAUCAR%190204
PERU%00,PASCO%19,DANIEL ALCIDES CARRION%1902,SAN PEDRO DE PILLAO%190205
PERU%00,PASCO%19,DANIEL ALCIDES CARRION%1902,SANTA ANA DE TUSI%190206
PERU%00,PASCO%19,DANIEL ALCIDES CARRION%1902,TAPUC%190207
PERU%00,PASCO%19,DANIEL ALCIDES CARRION%1902,VILCABAMBA%190208
PERU%00,PASCO%19,OXAPAMPA%1903,OXAPAMPA%190301
PERU%00,PASCO%19,OXAPAMPA%1903,CHONTABAMBA%190302
PERU%00,PASCO%19,OXAPAMPA%1903,HUANCABAMBA%190303
PERU%00,PASCO%19,OXAPAMPA%1903,PUERTO BERMUDEZ%190306
PERU%00,PASCO%19,OXAPAMPA%1903,VILLA RICA%190307
PERU%00,PASCO%19,OXAPAMPA%1903,POZUZO%190305
PERU%00,PASCO%19,OXAPAMPA%1903,PALCAZU%190304
PERU%00,PASCO%19,OXAPAMPA%1903,CONSTITUCIÓN%190308
PERU%00,PIURA%20,PIURA%2001,PIURA%200101
PERU%00,PIURA%20,PIURA%2001,CASTILLA%200104
PERU%00,PIURA%20,PIURA%2001,CATACAOS%200105
PERU%00,PIURA%20,PIURA%2001,LA ARENA%200109
PERU%00,PIURA%20,PIURA%2001,LA UNION%200110
PERU%00,PIURA%20,PIURA%2001,LAS LOMAS%200111
PERU%00,PIURA%20,PIURA%2001,TAMBO GRANDE%200114
PERU%00,PIURA%20,PIURA%2001,CURA MORI%200107
PERU%00,PIURA%20,PIURA%2001,EL TALLAN%200108
PERU%00,PIURA%20,PIURA%2001,VEINTISEIS DE OCTUBRE%200115
PERU%00,PIURA%20,AYABACA%2002,AYABACA%200201
PERU%00,PIURA%20,AYABACA%2002,FRIAS%200202
PERU%00,PIURA%20,AYABACA%2002,LAGUNAS%200204
PERU%00,PIURA%20,AYABACA%2002,MONTERO%200205
PERU%00,PIURA%20,AYABACA%2002,PACAIPAMPA%200206
PERU%00,PIURA%20,AYABACA%2002,SAPILLICA%200208
PERU%00,PIURA%20,AYABACA%2002,SICCHEZ%200209
PERU%00,PIURA%20,AYABACA%2002,SUYO%200210
PERU%00,PIURA%20,AYABACA%2002,JILILI%200203
PERU%00,PIURA%20,AYABACA%2002,PAIMAS%200207
PERU%00,PIURA%20,HUANCABAMBA%2003,HUANCABAMBA%200301
PERU%00,PIURA%20,HUANCABAMBA%2003,CANCHAQUE%200302
PERU%00,PIURA%20,HUANCABAMBA%2003,HUARMACA%200304
PERU%00,PIURA%20,HUANCABAMBA%2003,SONDOR%200307
PERU%00,PIURA%20,HUANCABAMBA%2003,SONDORILLO%200308
PERU%00,PIURA%20,HUANCABAMBA%2003,EL CARMEN DE LA FRONTERA%200303
PERU%00,PIURA%20,HUANCABAMBA%2003,SAN MIGUEL DE EL FAIQUE%200306
PERU%00,PIURA%20,HUANCABAMBA%2003,LALAQUIZ%200305
PERU%00,PIURA%20,MORROPON%2004,CHULUCANAS%200401
PERU%00,PIURA%20,MORROPON%2004,BUENOS AIRES%200402
PERU%00,PIURA%20,MORROPON%2004,CHALACO%200403
PERU%00,PIURA%20,MORROPON%2004,MORROPON%200405
PERU%00,PIURA%20,MORROPON%2004,SALITRAL%200406
PERU%00,PIURA%20,MORROPON%2004,SANTA CATALINA DE MOSSA%200408
PERU%00,PIURA%20,MORROPON%2004,SANTO DOMINGO%200409
PERU%00,PIURA%20,MORROPON%2004,LA MATANZA%200404
PERU%00,PIURA%20,MORROPON%2004,YAMANGO%200410
PERU%00,PIURA%20,MORROPON%2004,SAN JUAN DE BIGOTE%200407
PERU%00,PIURA%20,PAITA%2005,PAITA%200501
PERU%00,PIURA%20,PAITA%2005,AMOTAPE%200502
PERU%00,PIURA%20,PAITA%2005,ARENAL%200503
PERU%00,PIURA%20,PAITA%2005,LA HUACA%200505
PERU%00,PIURA%20,PAITA%2005,COLAN%200504
PERU%00,PIURA%20,PAITA%2005,TAMARINDO%200506
PERU%00,PIURA%20,PAITA%2005,VICHAYAL%200507
PERU%00,PIURA%20,SULLANA%2006,SULLANA%200601
PERU%00,PIURA%20,SULLANA%2006,BELLAVISTA%200602
PERU%00,PIURA%20,SULLANA%2006,LANCONES%200604
PERU%00,PIURA%20,SULLANA%2006,MARCAVELICA%200605
PERU%00,PIURA%20,SULLANA%2006,MIGUEL CHECA%200606
PERU%00,PIURA%20,SULLANA%2006,QUERECOTILLO%200607
PERU%00,PIURA%20,SULLANA%2006,SALITRAL%200608
PERU%00,PIURA%20,SULLANA%2006,IGNACIO ESCUDERO%200603
PERU%00,PIURA%20,TALARA%2007,PARIÑAS%200701
PERU%00,PIURA%20,TALARA%2007,EL ALTO%200702
PERU%00,PIURA%20,TALARA%2007,LA BREA%200703
PERU%00,PIURA%20,TALARA%2007,LOBITOS%200704
PERU%00,PIURA%20,TALARA%2007,MANCORA%200706
PERU%00,PIURA%20,TALARA%2007,LOS ORGANOS%200705
PERU%00,PIURA%20,SECHURA%2008,SECHURA%200801
PERU%00,PIURA%20,SECHURA%2008,VICE%200805
PERU%00,PIURA%20,SECHURA%2008,BERNAL%200803
PERU%00,PIURA%20,SECHURA%2008,BELLAVISTA DE LA UNION%200802
PERU%00,PIURA%20,SECHURA%2008,CRISTO NOS VALGA%200804
PERU%00,PIURA%20,SECHURA%2008,RINCONADA LLICUAR%200806
PERU%00,PUNO%21,PUNO%2101,PUNO%210101
PERU%00,PUNO%21,PUNO%2101,ACORA%210102
PERU%00,PUNO%21,PUNO%2101,ATUNCOLLA%210104
PERU%00,PUNO%21,PUNO%2101,CAPACHICA%210105
PERU%00,PUNO%21,PUNO%2101,COATA%210107
PERU%00,PUNO%21,PUNO%2101,CHUCUITO%210106
PERU%00,PUNO%21,PUNO%2101,HUATA%210108
PERU%00,PUNO%21,PUNO%2101,MAÑAZO%210109
PERU%00,PUNO%21,PUNO%2101,PAUCARCOLLA%210110
PERU%00,PUNO%21,PUNO%2101,PICHACANI%210111
PERU%00,PUNO%21,PUNO%2101,SAN ANTONIO%210113
PERU%00,PUNO%21,PUNO%2101,TIQUILLACA%210114
PERU%00,PUNO%21,PUNO%2101,VILQUE%210115
PERU%00,PUNO%21,PUNO%2101,PLATERIA%210112
PERU%00,PUNO%21,PUNO%2101,AMANTANI%210103
PERU%00,PUNO%21,AZANGARO%2102,AZANGARO%210201
PERU%00,PUNO%21,AZANGARO%2102,ACHAYA%210202
PERU%00,PUNO%21,AZANGARO%2102,ARAPA%210203
PERU%00,PUNO%21,AZANGARO%2102,ASILLO%210204
PERU%00,PUNO%21,AZANGARO%2102,CAMINACA%210205
PERU%00,PUNO%21,AZANGARO%2102,CHUPA%210206
PERU%00,PUNO%21,AZANGARO%2102,JOSE DOMINGO CHOQUEHUANCA%210207
PERU%00,PUNO%21,AZANGARO%2102,MUÑANI%210208
PERU%00,PUNO%21,AZANGARO%2102,POTONI%210209
PERU%00,PUNO%21,AZANGARO%2102,SAMAN%210210
PERU%00,PUNO%21,AZANGARO%2102,SAN ANTON%210211
PERU%00,PUNO%21,AZANGARO%2102,SAN JOSE%210212
PERU%00,PUNO%21,AZANGARO%2102,SAN JUAN DE SALINAS%210213
PERU%00,PUNO%21,AZANGARO%2102,SANTIAGO DE PUPUJA%210214
PERU%00,PUNO%21,AZANGARO%2102,TIRAPATA%210215
PERU%00,PUNO%21,CARABAYA%2103,MACUSANI%210301
PERU%00,PUNO%21,CARABAYA%2103,AJOYANI%210302
PERU%00,PUNO%21,CARABAYA%2103,AYAPATA%210303
PERU%00,PUNO%21,CARABAYA%2103,COASA%210304
PERU%00,PUNO%21,CARABAYA%2103,CORANI%210305
PERU%00,PUNO%21,CARABAYA%2103,CRUCERO%210306
PERU%00,PUNO%21,CARABAYA%2103,ITUATA%210307
PERU%00,PUNO%21,CARABAYA%2103,OLLACHEA%210308
PERU%00,PUNO%21,CARABAYA%2103,SAN GABAN%210309
PERU%00,PUNO%21,CARABAYA%2103,USICAYOS%210310
PERU%00,PUNO%21,CHUCUITO%2104,JULI%210401
PERU%00,PUNO%21,CHUCUITO%2104,DESAGUADERO%210402
PERU%00,PUNO%21,CHUCUITO%2104,HUACULLANI%210403
PERU%00,PUNO%21,CHUCUITO%2104,PISACOMA%210405
PERU%00,PUNO%21,CHUCUITO%2104,POMATA%210406
PERU%00,PUNO%21,CHUCUITO%2104,ZEPITA%210407
PERU%00,PUNO%21,CHUCUITO%2104,KELLUYO%210404
PERU%00,PUNO%21,HUANCANE%2106,HUANCANE%210601
PERU%00,PUNO%21,HUANCANE%2106,COJATA%210602
PERU%00,PUNO%21,HUANCANE%2106,INCHUPALLA%210604
PERU%00,PUNO%21,HUANCANE%2106,PUSI%210605
PERU%00,PUNO%21,HUANCANE%2106,ROSASPATA%210606
PERU%00,PUNO%21,HUANCANE%2106,TARACO%210607
PERU%00,PUNO%21,HUANCANE%2106,VILQUE CHICO%210608
PERU%00,PUNO%21,HUANCANE%2106,HUATASANI%210603
PERU%00,PUNO%21,LAMPA%2107,LAMPA%210701
PERU%00,PUNO%21,LAMPA%2107,CABANILLA%210702
PERU%00,PUNO%21,LAMPA%2107,CALAPUJA%210703
PERU%00,PUNO%21,LAMPA%2107,NICASIO%210704
PERU%00,PUNO%21,LAMPA%2107,OCUVIRI%210705
PERU%00,PUNO%21,LAMPA%2107,PALCA%210706
PERU%00,PUNO%21,LAMPA%2107,PARATIA%210707
PERU%00,PUNO%21,LAMPA%2107,PUCARA%210708
PERU%00,PUNO%21,LAMPA%2107,SANTA LUCIA%210709
PERU%00,PUNO%21,LAMPA%2107,VILAVILA%210710
PERU%00,PUNO%21,MELGAR%2108,AYAVIRI%210801
PERU%00,PUNO%21,MELGAR%2108,ANTAUTA%210802
PERU%00,PUNO%21,MELGAR%2108,CUPI%210803
PERU%00,PUNO%21,MELGAR%2108,LLALLI%210804
PERU%00,PUNO%21,MELGAR%2108,MACARI%210805
PERU%00,PUNO%21,MELGAR%2108,NUÑOA%210806
PERU%00,PUNO%21,MELGAR%2108,ORURILLO%210807
PERU%00,PUNO%21,MELGAR%2108,SANTA ROSA%210808
PERU%00,PUNO%21,MELGAR%2108,UMACHIRI%210809
PERU%00,PUNO%21,SANDIA%2112,SANDIA%211201
PERU%00,PUNO%21,SANDIA%2112,CUYOCUYO%211202
PERU%00,PUNO%21,SANDIA%2112,LIMBANI%211203
PERU%00,PUNO%21,SANDIA%2112,PHARA%211205
PERU%00,PUNO%21,SANDIA%2112,PATAMBUCO%211204
PERU%00,PUNO%21,SANDIA%2112,QUIACA%211206
PERU%00,PUNO%21,SANDIA%2112,SAN JUAN DEL ORO%211207
PERU%00,PUNO%21,SANDIA%2112,YANAHUAYA%211208
PERU%00,PUNO%21,SANDIA%2112,ALTO INAMBARI%211209
PERU%00,PUNO%21,SANDIA%2112,SAN PEDRO DE PUTINA PUNCO%211210
PERU%00,PUNO%21,SAN ROMAN%2111,JULIACA%211101
PERU%00,PUNO%21,SAN ROMAN%2111,CABANA%211102
PERU%00,PUNO%21,SAN ROMAN%2111,CABANILLAS%211103
PERU%00,PUNO%21,SAN ROMAN%2111,CARACOTO%211104
PERU%00,PUNO%21,SAN ROMAN%2111,SAN MIGUEL%211105
PERU%00,PUNO%21,YUNGUYO%2113,YUNGUYO%211301
PERU%00,PUNO%21,YUNGUYO%2113,UNICACHI%211307
PERU%00,PUNO%21,YUNGUYO%2113,ANAPIA%211302
PERU%00,PUNO%21,YUNGUYO%2113,COPANI%211303
PERU%00,PUNO%21,YUNGUYO%2113,CUTURAPI%211304
PERU%00,PUNO%21,YUNGUYO%2113,OLLARAYA%211305
PERU%00,PUNO%21,YUNGUYO%2113,TINICACHI%211306
PERU%00,PUNO%21,SAN ANTONIO DE PUTINA%2110,PUTINA%211001
PERU%00,PUNO%21,SAN ANTONIO DE PUTINA%2110,PEDRO VILCA APAZA%211003
PERU%00,PUNO%21,SAN ANTONIO DE PUTINA%2110,QUILCAPUNCU%211004
PERU%00,PUNO%21,SAN ANTONIO DE PUTINA%2110,ANANEA%211002
PERU%00,PUNO%21,SAN ANTONIO DE PUTINA%2110,SINA%211005
PERU%00,PUNO%21,EL COLLAO%2105,ILAVE%210501
PERU%00,PUNO%21,EL COLLAO%2105,PILCUYO%210503
PERU%00,PUNO%21,EL COLLAO%2105,SANTA ROSA%210504
PERU%00,PUNO%21,EL COLLAO%2105,CAPAZO%210502
PERU%00,PUNO%21,EL COLLAO%2105,CONDURIRI%210505
PERU%00,PUNO%21,MOHO%2109,MOHO%210901
PERU%00,PUNO%21,MOHO%2109,CONIMA%210902
PERU%00,PUNO%21,MOHO%2109,TILALI%210904
PERU%00,PUNO%21,MOHO%2109,HUAYRAPATA%210903
PERU%00,SAN MARTIN%22,MOYOBAMBA%2201,MOYOBAMBA%220101
PERU%00,SAN MARTIN%22,MOYOBAMBA%2201,CALZADA%220102
PERU%00,SAN MARTIN%22,MOYOBAMBA%2201,HABANA%220103
PERU%00,SAN MARTIN%22,MOYOBAMBA%2201,JEPELACIO%220104
PERU%00,SAN MARTIN%22,MOYOBAMBA%2201,SORITOR%220105
PERU%00,SAN MARTIN%22,MOYOBAMBA%2201,YANTALO%220106
PERU%00,SAN MARTIN%22,HUALLAGA%2204,SAPOSOA%220401
PERU%00,SAN MARTIN%22,HUALLAGA%2204,PISCOYACU%220404
PERU%00,SAN MARTIN%22,HUALLAGA%2204,SACANCHE%220405
PERU%00,SAN MARTIN%22,HUALLAGA%2204,TINGO DE SAPOSOA%220406
PERU%00,SAN MARTIN%22,HUALLAGA%2204,ALTO SAPOSOA%220402
PERU%00,SAN MARTIN%22,HUALLAGA%2204,EL ESLABON%220403
PERU%00,SAN MARTIN%22,LAMAS%2205,LAMAS%220501
PERU%00,SAN MARTIN%22,LAMAS%2205,BARRANQUITA%220503
PERU%00,SAN MARTIN%22,LAMAS%2205,CAYNARACHI%220504
PERU%00,SAN MARTIN%22,LAMAS%2205,CUÑUMBUQUI%220505
PERU%00,SAN MARTIN%22,LAMAS%2205,PINTO RECODO%220506
PERU%00,SAN MARTIN%22,LAMAS%2205,RUMISAPA%220507
PERU%00,SAN MARTIN%22,LAMAS%2205,SHANAO%220509
PERU%00,SAN MARTIN%22,LAMAS%2205,TABALOSOS%220510
PERU%00,SAN MARTIN%22,LAMAS%2205,ZAPATERO%220511
PERU%00,SAN MARTIN%22,LAMAS%2205,ALONSO DE ALVARADO%220502
PERU%00,SAN MARTIN%22,LAMAS%2205,SAN ROQUE DE CUMBAZA%220508
PERU%00,SAN MARTIN%22,MARISCAL CACERES%2206,JUANJUI%220601
PERU%00,SAN MARTIN%22,MARISCAL CACERES%2206,CAMPANILLA%220602
PERU%00,SAN MARTIN%22,MARISCAL CACERES%2206,HUICUNGO%220603
PERU%00,SAN MARTIN%22,MARISCAL CACERES%2206,PACHIZA%220604
PERU%00,SAN MARTIN%22,MARISCAL CACERES%2206,PAJARILLO%220605
PERU%00,SAN MARTIN%22,RIOJA%2208,RIOJA%220801
PERU%00,SAN MARTIN%22,RIOJA%2208,POSIC%220806
PERU%00,SAN MARTIN%22,RIOJA%2208,YORONGOS%220808
PERU%00,SAN MARTIN%22,RIOJA%2208,YURACYACU%220809
PERU%00,SAN MARTIN%22,RIOJA%2208,NUEVA CAJAMARCA%220804
PERU%00,SAN MARTIN%22,RIOJA%2208,ELIAS SOPLIN VARGAS%220803
PERU%00,SAN MARTIN%22,RIOJA%2208,SAN FERNANDO%220807
PERU%00,SAN MARTIN%22,RIOJA%2208,PARDO MIGUEL%220805
PERU%00,SAN MARTIN%22,RIOJA%2208,AWAJUN%220802
PERU%00,SAN MARTIN%22,SAN MARTIN%2209,TARAPOTO%220901
PERU%00,SAN MARTIN%22,SAN MARTIN%2209,ALBERTO LEVEAU%220902
PERU%00,SAN MARTIN%22,SAN MARTIN%2209,CACATACHI%220903
PERU%00,SAN MARTIN%22,SAN MARTIN%2209,CHAZUTA%220904
PERU%00,SAN MARTIN%22,SAN MARTIN%2209,CHIPURANA%220905
PERU%00,SAN MARTIN%22,SAN MARTIN%2209,EL PORVENIR%220906
PERU%00,SAN MARTIN%22,SAN MARTIN%2209,HUIMBAYOC%220907
PERU%00,SAN MARTIN%22,SAN MARTIN%2209,JUAN GUERRA%220908
PERU%00,SAN MARTIN%22,SAN MARTIN%2209,MORALES%220910
PERU%00,SAN MARTIN%22,SAN MARTIN%2209,PAPAPLAYA%220911
PERU%00,SAN MARTIN%22,SAN MARTIN%2209,SAN ANTONIO%220912
PERU%00,SAN MARTIN%22,SAN MARTIN%2209,SAUCE%220913
PERU%00,SAN MARTIN%22,SAN MARTIN%2209,SHAPAJA%220914
PERU%00,SAN MARTIN%22,SAN MARTIN%2209,LA BANDA DE SHILCAYO%220909
PERU%00,SAN MARTIN%22,BELLAVISTA%2202,BELLAVISTA%220201
PERU%00,SAN MARTIN%22,BELLAVISTA%2202,SAN RAFAEL%220206
PERU%00,SAN MARTIN%22,BELLAVISTA%2202,SAN PABLO%220205
PERU%00,SAN MARTIN%22,BELLAVISTA%2202,ALTO BIAVO%220202
PERU%00,SAN MARTIN%22,BELLAVISTA%2202,HUALLAGA%220204
PERU%00,SAN MARTIN%22,BELLAVISTA%2202,BAJO BIAVO%220203
PERU%00,SAN MARTIN%22,TOCACHE%2210,TOCACHE%221001
PERU%00,SAN MARTIN%22,TOCACHE%2210,NUEVO PROGRESO%221002
PERU%00,SAN MARTIN%22,TOCACHE%2210,POLVORA%221003
PERU%00,SAN MARTIN%22,TOCACHE%2210,SHUNTE%221004
PERU%00,SAN MARTIN%22,TOCACHE%2210,UCHIZA%221005
PERU%00,SAN MARTIN%22,TOCACHE%2210,SANTA LUCIA%221006
PERU%00,SAN MARTIN%22,PICOTA%2207,PICOTA%220701
PERU%00,SAN MARTIN%22,PICOTA%2207,BUENOS AIRES%220702
PERU%00,SAN MARTIN%22,PICOTA%2207,CASPISAPA%220703
PERU%00,SAN MARTIN%22,PICOTA%2207,PILLUANA%220704
PERU%00,SAN MARTIN%22,PICOTA%2207,PUCACACA%220705
PERU%00,SAN MARTIN%22,PICOTA%2207,SAN CRISTOBAL%220706
PERU%00,SAN MARTIN%22,PICOTA%2207,SAN HILARION%220707
PERU%00,SAN MARTIN%22,PICOTA%2207,TINGO DE PONASA%220709
PERU%00,SAN MARTIN%22,PICOTA%2207,TRES UNIDOS%220710
PERU%00,SAN MARTIN%22,PICOTA%2207,SHAMBOYACU%220708
PERU%00,SAN MARTIN%22,EL DORADO%2203,SAN JOSE DE SISA%220301
PERU%00,SAN MARTIN%22,EL DORADO%2203,AGUA BLANCA%220302
PERU%00,SAN MARTIN%22,EL DORADO%2203,SHATOJA%220305
PERU%00,SAN MARTIN%22,EL DORADO%2203,SAN MARTIN%220303
PERU%00,SAN MARTIN%22,EL DORADO%2203,SANTA ROSA%220304
PERU%00,TACNA%23,TACNA%2301,TACNA%230101
PERU%00,TACNA%23,TACNA%2301,CALANA%230103
PERU%00,TACNA%23,TACNA%2301,INCLAN%230105
PERU%00,TACNA%23,TACNA%2301,PACHIA%230106
PERU%00,TACNA%23,TACNA%2301,PALCA%230107
PERU%00,TACNA%23,TACNA%2301,POCOLLAY%230108
PERU%00,TACNA%23,TACNA%2301,SAMA%230109
PERU%00,TACNA%23,TACNA%2301,ALTO DE LA ALIANZA%230102
PERU%00,TACNA%23,TACNA%2301,CIUDAD NUEVA%230104
PERU%00,TACNA%23,TACNA%2301,CORONEL GREGORIO ALBARRACIN LANCHIPA%230110
PERU%00,TACNA%23,TACNA%2301,LA YARADA LOS PALOS%230111
PERU%00,TACNA%23,TARATA%2304,TARATA%230401
PERU%00,TACNA%23,TARATA%2304,HEROES ALBARRACIN%230402
PERU%00,TACNA%23,TARATA%2304,ESTIQUE%230403
PERU%00,TACNA%23,TARATA%2304,ESTIQUE-PAMPA%230404
PERU%00,TACNA%23,TARATA%2304,SITAJARA%230405
PERU%00,TACNA%23,TARATA%2304,SUSAPAYA%230406
PERU%00,TACNA%23,TARATA%2304,TARUCACHI%230407
PERU%00,TACNA%23,TARATA%2304,TICACO%230408
PERU%00,TACNA%23,JORGE BASADRE%2303,LOCUMBA%230301
PERU%00,TACNA%23,JORGE BASADRE%2303,ITE%230303
PERU%00,TACNA%23,JORGE BASADRE%2303,ILABAYA%230302
PERU%00,TACNA%23,CANDARAVE%2302,CANDARAVE%230201
PERU%00,TACNA%23,CANDARAVE%2302,CAIRANI%230202
PERU%00,TACNA%23,CANDARAVE%2302,CURIBAYA%230204
PERU%00,TACNA%23,CANDARAVE%2302,HUANUARA%230205
PERU%00,TACNA%23,CANDARAVE%2302,QUILAHUANI%230206
PERU%00,TACNA%23,CANDARAVE%2302,CAMILACA%230203
PERU%00,TUMBES%24,TUMBES%2401,TUMBES%240101
PERU%00,TUMBES%24,TUMBES%2401,CORRALES%240102
PERU%00,TUMBES%24,TUMBES%2401,LA CRUZ%240103
PERU%00,TUMBES%24,TUMBES%2401,PAMPAS DE HOSPITAL%240104
PERU%00,TUMBES%24,TUMBES%2401,SAN JACINTO%240105
PERU%00,TUMBES%24,TUMBES%2401,SAN JUAN DE LA VIRGEN%240106
PERU%00,TUMBES%24,CONTRALMIRANTE VILLAR%2402,ZORRITOS%240201
PERU%00,TUMBES%24,CONTRALMIRANTE VILLAR%2402,CASITAS%240202
PERU%00,TUMBES%24,CONTRALMIRANTE VILLAR%2402,CANOAS DE PUNTA SAL%240203
PERU%00,TUMBES%24,ZARUMILLA%2403,ZARUMILLA%240301
PERU%00,TUMBES%24,ZARUMILLA%2403,MATAPALO%240303
PERU%00,TUMBES%24,ZARUMILLA%2403,PAPAYAL%240304
PERU%00,TUMBES%24,ZARUMILLA%2403,AGUAS VERDES%240302
PERU%00,CALLAO%07,CALLAO%0701,CALLAO%070101
PERU%00,CALLAO%07,CALLAO%0701,BELLAVISTA%070102
PERU%00,CALLAO%07,CALLAO%0701,LA PUNTA%070105
PERU%00,CALLAO%07,CALLAO%0701,CARMEN DE LA LEGUA REYNOSO%070103
PERU%00,CALLAO%07,CALLAO%0701,LA PERLA%070104
PERU%00,CALLAO%07,CALLAO%0701,VENTANILLA%070106
PERU%00,CALLAO%07,CALLAO%0701,MI PERU%070107
PERU%00,UCAYALI%25,CORONEL PORTILLO%2501,CALLERIA%250101
PERU%00,UCAYALI%25,CORONEL PORTILLO%2501,YARINACOCHA%250105
PERU%00,UCAYALI%25,CORONEL PORTILLO%2501,MASISEA%250104
PERU%00,UCAYALI%25,CORONEL PORTILLO%2501,CAMPOVERDE%250102
PERU%00,UCAYALI%25,CORONEL PORTILLO%2501,IPARIA%250103
PERU%00,UCAYALI%25,CORONEL PORTILLO%2501,NUEVA REQUENA%250106
PERU%00,UCAYALI%25,CORONEL PORTILLO%2501,MANANTAY%250107
PERU%00,UCAYALI%25,PADRE ABAD%2503,PADRE ABAD%250301
PERU%00,UCAYALI%25,PADRE ABAD%2503,IRAZOLA%250302
PERU%00,UCAYALI%25,PADRE ABAD%2503,CURIMANA%250303
PERU%00,UCAYALI%25,PADRE ABAD%2503,NESHUYA%250304
PERU%00,UCAYALI%25,PADRE ABAD%2503,ALEXANDER VON HUMBOLDT%250305
PERU%00,UCAYALI%25,PADRE ABAD%2503,BOQUERON%250307
PERU%00,UCAYALI%25,PADRE ABAD%2503,HUIPOCA%250306
PERU%00,UCAYALI%25,ATALAYA%2502,RAYMONDI%250201
PERU%00,UCAYALI%25,ATALAYA%2502,TAHUANIA%250203
PERU%00,UCAYALI%25,ATALAYA%2502,YURUA%250204
PERU%00,UCAYALI%25,ATALAYA%2502,SEPAHUA%250202
PERU%00,UCAYALI%25,PURUS%2504,PURUS%250401
